交易日期,曲线名称,交易期限,到期收益率
20250625,中债国债收益率曲线,1.0,1.3652
20250625,中债国债收益率曲线,10.0,1.6544
20250624,中债国债收益率曲线,1.0,1.3627
20250624,中债国债收益率曲线,10.0,1.6480
20250623,中债国债收益率曲线,1.0,1.3552
20250623,中债国债收益率曲线,10.0,1.6418
20250620,中债国债收益率曲线,1.0,1.3552
20250620,中债国债收益率曲线,10.0,1.6396
20250619,中债国债收益率曲线,10.0,1.6425
20250619,中债国债收益率曲线,1.0,1.3642
20250618,中债国债收益率曲线,1.0,1.3602
20250618,中债国债收益率曲线,10.0,1.6384
20250617,中债国债收益率曲线,10.0,1.6364
20250617,中债国债收益率曲线,1.0,1.3702
20250616,中债国债收益率曲线,10.0,1.6432
20250616,中债国债收益率曲线,1.0,1.3987
20250613,中债国债收益率曲线,10.0,1.6440
20250613,中债国债收益率曲线,1.0,1.4002
20250612,中债国债收益率曲线,10.0,1.6475
20250612,中债国债收益率曲线,1.0,1.4052
20250611,中债国债收益率曲线,1.0,1.4052
20250611,中债国债收益率曲线,10.0,1.6420
20250610,中债国债收益率曲线,1.0,1.4077
20250610,中债国债收益率曲线,10.0,1.6569
20250609,中债国债收益率曲线,1.0,1.4102
20250609,中债国债收益率曲线,10.0,1.6559
20250606,中债国债收益率曲线,1.0,1.4102
20250606,中债国债收益率曲线,10.0,1.6547
20250605,中债国债收益率曲线,10.0,1.6741
20250605,中债国债收益率曲线,1.0,1.4352
20250604,中债国债收益率曲线,1.0,1.4527
20250604,中债国债收益率曲线,10.0,1.6704
20250603,中债国债收益率曲线,10.0,1.6764
20250603,中债国债收益率曲线,1.0,1.4627
20250530,中债国债收益率曲线,10.0,1.6712
20250530,中债国债收益率曲线,1.0,1.4552
20250529,中债国债收益率曲线,10.0,1.6877
20250529,中债国债收益率曲线,1.0,1.4783
20250528,中债国债收益率曲线,10.0,1.6832
20250528,中债国债收益率曲线,1.0,1.4628
20250527,中债国债收益率曲线,10.0,1.7261
20250527,中债国债收益率曲线,1.0,1.4649
20250526,中债国债收益率曲线,10.0,1.7201
20250526,中债国债收益率曲线,1.0,1.4581
20250523,中债国债收益率曲线,1.0,1.4481
20250523,中债国债收益率曲线,10.0,1.7208
20250522,中债国债收益率曲线,1.0,1.4495
20250522,中债国债收益率曲线,10.0,1.7186
20250521,中债国债收益率曲线,1.0,1.4496
20250521,中债国债收益率曲线,10.0,1.7100
20250520,中债国债收益率曲线,1.0,1.4483
20250520,中债国债收益率曲线,10.0,1.7004
20250519,中债国债收益率曲线,10.0,1.6893
20250519,中债国债收益率曲线,1.0,1.4429
20250516,中债国债收益率曲线,10.0,1.6793
20250516,中债国债收益率曲线,1.0,1.4508
20250515,中债国债收益率曲线,10.0,1.6798
20250515,中债国债收益率曲线,1.0,1.4385
20250514,中债国债收益率曲线,1.0,1.4228
20250514,中债国债收益率曲线,10.0,1.6736
20250513,中债国债收益率曲线,1.0,1.4131
20250513,中债国债收益率曲线,10.0,1.6704
20250512,中债国债收益率曲线,1.0,1.4232
20250512,中债国债收益率曲线,10.0,1.6880
20250509,中债国债收益率曲线,10.0,1.6351
20250509,中债国债收益率曲线,1.0,1.4194
20250508,中债国债收益率曲线,1.0,1.4149
20250508,中债国债收益率曲线,10.0,1.6331
20250507,中债国债收益率曲线,10.0,1.6418
20250507,中债国债收益率曲线,1.0,1.4474
20250506,中债国债收益率曲线,1.0,1.4624
20250506,中债国债收益率曲线,10.0,1.6298
20250430,中债国债收益率曲线,1.0,1.4599
20250430,中债国债收益率曲线,10.0,1.6243
20250429,中债国债收益率曲线,1.0,1.4550
20250429,中债国债收益率曲线,10.0,1.6241
20250428,中债国债收益率曲线,1.0,1.4601
20250428,中债国债收益率曲线,10.0,1.6483
20250427,中债国债收益率曲线,1.0,1.4501
20250427,中债国债收益率曲线,10.0,1.6607
20250425,中债国债收益率曲线,1.0,1.4501
20250425,中债国债收益率曲线,10.0,1.6606
20250424,中债国债收益率曲线,10.0,1.6640
20250424,中债国债收益率曲线,1.0,1.4532
20250423,中债国债收益率曲线,10.0,1.6611
20250423,中债国债收益率曲线,1.0,1.4513
20250422,中债国债收益率曲线,10.0,1.6509
20250422,中债国债收益率曲线,1.0,1.4432
20250421,中债国债收益率曲线,10.0,1.6664
20250421,中债国债收益率曲线,1.0,1.4480
20250418,中债国债收益率曲线,1.0,1.4300
20250418,中债国债收益率曲线,10.0,1.6493
20250417,中债国债收益率曲线,10.0,1.6522
20250417,中债国债收益率曲线,1.0,1.4301
20250416,中债国债收益率曲线,10.0,1.6430
20250416,中债国债收益率曲线,1.0,1.4178
20250415,中债国债收益率曲线,1.0,1.4228
20250415,中债国债收益率曲线,10.0,1.6583
20250414,中债国债收益率曲线,10.0,1.6584
20250414,中债国债收益率曲线,1.0,1.4153
20250411,中债国债收益率曲线,1.0,1.3978
20250411,中债国债收益率曲线,10.0,1.6568
20250410,中债国债收益率曲线,10.0,1.6444
20250410,中债国债收益率曲线,1.0,1.4128
20250409,中债国债收益率曲线,1.0,1.4328
20250409,中债国债收益率曲线,10.0,1.6508
20250408,中债国债收益率曲线,10.0,1.6633
20250408,中债国债收益率曲线,1.0,1.4779
20250407,中债国债收益率曲线,1.0,1.4429
20250407,中债国债收益率曲线,10.0,1.6318
20250403,中债国债收益率曲线,1.0,1.4829
20250403,中债国债收益率曲线,10.0,1.7180
20250402,中债国债收益率曲线,1.0,1.5404
20250402,中债国债收益率曲线,10.0,1.7887
20250401,中债国债收益率曲线,10.0,1.8104
20250401,中债国债收益率曲线,1.0,1.5454
20250331,中债国债收益率曲线,1.0,1.5379
20250331,中债国债收益率曲线,10.0,1.8129
20250328,中债国债收益率曲线,1.0,1.5279
20250328,中债国债收益率曲线,10.0,1.8126
20250327,中债国债收益率曲线,1.0,1.5279
20250327,中债国债收益率曲线,10.0,1.8062
20250326,中债国债收益率曲线,1.0,1.5279
20250326,中债国债收益率曲线,10.0,1.7943
20250325,中债国债收益率曲线,1.0,1.5404
20250325,中债国债收益率曲线,10.0,1.8183
20250324,中债国债收益率曲线,10.0,1.8413
20250324,中债国债收益率曲线,1.0,1.5354
20250321,中债国债收益率曲线,10.0,1.8458
20250321,中债国债收益率曲线,1.0,1.5579
20250320,中债国债收益率曲线,10.0,1.8309
20250320,中债国债收益率曲线,1.0,1.5629
20250319,中债国债收益率曲线,1.0,1.5879
20250319,中债国债收益率曲线,10.0,1.8708
20250318,中债国债收益率曲线,10.0,1.8885
20250318,中债国债收益率曲线,1.0,1.5879
20250317,中债国债收益率曲线,10.0,1.8957
20250317,中债国债收益率曲线,1.0,1.5879
20250314,中债国债收益率曲线,10.0,1.8317
20250314,中债国债收益率曲线,1.0,1.5629
20250313,中债国债收益率曲线,10.0,1.8565
20250313,中债国债收益率曲线,1.0,1.5779
20250312,中债国债收益率曲线,10.0,1.8334
20250312,中债国债收益率曲线,1.0,1.5779
20250311,中债国债收益率曲线,1.0,1.5823
20250311,中债国债收益率曲线,10.0,1.8853
20250310,中债国债收益率曲线,1.0,1.5497
20250310,中债国债收益率曲线,10.0,1.8128
20250307,中债国债收益率曲线,1.0,1.5547
20250307,中债国债收益率曲线,10.0,1.8002
20250306,中债国债收益率曲线,1.0,1.4697
20250306,中债国债收益率曲线,10.0,1.7455
20250305,中债国债收益率曲线,10.0,1.7083
20250305,中债国债收益率曲线,1.0,1.4447
20250304,中债国债收益率曲线,10.0,1.7079
20250304,中债国债收益率曲线,1.0,1.4397
20250303,中债国债收益率曲线,1.0,1.4322
20250303,中债国债收益率曲线,10.0,1.6955
20250228,中债国债收益率曲线,1.0,1.4597
20250228,中债国债收益率曲线,10.0,1.7152
20250227,中债国债收益率曲线,1.0,1.4974
20250227,中债国债收益率曲线,10.0,1.7576
20250226,中债国债收益率曲线,1.0,1.4537
20250226,中债国债收益率曲线,10.0,1.7251
20250225,中债国债收益率曲线,1.0,1.4671
20250225,中债国债收益率曲线,10.0,1.7275
20250224,中债国债收益率曲线,1.0,1.4802
20250224,中债国债收益率曲线,10.0,1.7625
20250221,中债国债收益率曲线,1.0,1.4797
20250221,中债国债收益率曲线,10.0,1.7200
20250220,中债国债收益率曲线,1.0,1.4758
20250220,中债国债收益率曲线,10.0,1.6850
20250219,中债国债收益率曲线,1.0,1.4619
20250219,中债国债收益率曲线,10.0,1.6626
20250218,中债国债收益率曲线,1.0,1.4580
20250218,中债国债收益率曲线,10.0,1.7006
20250217,中债国债收益率曲线,1.0,1.4190
20250217,中债国债收益率曲线,10.0,1.6934
20250214,中债国债收益率曲线,1.0,1.3795
20250214,中债国债收益率曲线,10.0,1.6546
20250213,中债国债收益率曲线,1.0,1.2846
20250213,中债国债收益率曲线,10.0,1.6346
20250212,中债国债收益率曲线,1.0,1.2671
20250212,中债国债收益率曲线,10.0,1.6336
20250211,中债国债收益率曲线,1.0,1.2667
20250211,中债国债收益率曲线,10.0,1.6274
20250210,中债国债收益率曲线,1.0,1.2582
20250210,中债国债收益率曲线,10.0,1.6342
20250208,中债国债收益率曲线,1.0,1.2271
20250208,中债国债收益率曲线,10.0,1.6057
20250207,中债国债收益率曲线,1.0,1.2229
20250207,中债国债收益率曲线,10.0,1.6032
20250206,中债国债收益率曲线,1.0,1.2100
20250206,中债国债收益率曲线,10.0,1.5958
20250205,中债国债收益率曲线,1.0,1.2599
20250205,中债国债收益率曲线,10.0,1.6207
20250127,中债国债收益率曲线,1.0,1.3036
20250127,中债国债收益率曲线,10.0,1.6299
20250126,中债国债收益率曲线,1.0,1.3474
20250126,中债国债收益率曲线,10.0,1.6537
20250124,中债国债收益率曲线,1.0,1.3399
20250124,中债国债收益率曲线,10.0,1.6565
20250123,中债国债收益率曲线,1.0,1.3099
20250123,中债国债收益率曲线,10.0,1.6645
20250122,中债国债收益率曲线,1.0,1.2850
20250122,中债国债收益率曲线,10.0,1.6602
20250121,中债国债收益率曲线,1.0,1.2850
20250121,中债国债收益率曲线,10.0,1.6496
20250120,中债国债收益率曲线,1.0,1.3000
20250120,中债国债收益率曲线,10.0,1.6747
20250117,中债国债收益率曲线,1.0,1.2617
20250117,中债国债收益率曲线,10.0,1.6593
20250116,中债国债收益率曲线,1.0,1.2217
20250116,中债国债收益率曲线,10.0,1.6394
20250115,中债国债收益率曲线,1.0,1.2061
20250115,中债国债收益率曲线,10.0,1.6330
20250114,中债国债收益率曲线,1.0,1.2161
20250114,中债国债收益率曲线,10.0,1.6446
20250113,中债国债收益率曲线,1.0,1.2361
20250113,中债国债收益率曲线,10.0,1.6592
20250110,中债国债收益率曲线,1.0,1.1961
20250110,中债国债收益率曲线,10.0,1.6338
20250109,中债国债收益率曲线,1.0,1.1700
20250109,中债国债收益率曲线,10.0,1.6368
20250108,中债国债收益率曲线,1.0,1.1200
20250108,中债国债收益率曲线,10.0,1.6069
20250107,中债国债收益率曲线,1.0,1.0800
20250107,中债国债收益率曲线,10.0,1.6093
20250106,中债国债收益率曲线,1.0,1.0391
20250106,中债国债收益率曲线,10.0,1.5966
20250103,中债国债收益率曲线,1.0,1.0177
20250103,中债国债收益率曲线,10.0,1.6041
20250102,中债国债收益率曲线,1.0,1.0693
20250102,中债国债收益率曲线,10.0,1.6077
20241231,中债国债收益率曲线,1.0,1.0843
20241231,中债国债收益率曲线,10.0,1.6752
20241230,中债国债收益率曲线,1.0,1.1093
20241230,中债国债收益率曲线,10.0,1.7128
20241227,中债国债收益率曲线,1.0,1.0393
20241227,中债国债收益率曲线,10.0,1.6929
20241226,中债国债收益率曲线,1.0,1.0157
20241226,中债国债收益率曲线,10.0,1.7122
20241225,中债国债收益率曲线,1.0,0.9907
20241225,中债国债收益率曲线,10.0,1.7365
20241224,中债国债收益率曲线,1.0,0.9307
20241224,中债国债收益率曲线,10.0,1.7166
20241223,中债国债收益率曲线,1.0,0.9307
20241223,中债国债收益率曲线,10.0,1.7019
20241220,中债国债收益率曲线,1.0,0.9807
20241220,中债国债收益率曲线,10.0,1.7018
20241219,中债国债收益率曲线,1.0,1.0432
20241219,中债国债收益率曲线,10.0,1.7417
20241218,中债国债收益率曲线,1.0,1.0782
20241218,中债国债收益率曲线,10.0,1.7564
20241217,中债国债收益率曲线,1.0,1.1081
20241217,中债国债收益率曲线,10.0,1.7237
20241216,中债国债收益率曲线,1.0,1.1182
20241216,中债国债收益率曲线,10.0,1.7215
20241213,中债国债收益率曲线,1.0,1.1582
20241213,中债国债收益率曲线,10.0,1.7771
20241212,中债国债收益率曲线,1.0,1.2142
20241212,中债国债收益率曲线,10.0,1.8172
20241211,中债国债收益率曲线,1.0,1.2782
20241211,中债国债收益率曲线,10.0,1.8218
20241210,中债国债收益率曲线,1.0,1.3087
20241210,中债国债收益率曲线,10.0,1.8468
20241209,中债国债收益率曲线,1.0,1.3482
20241209,中债国债收益率曲线,10.0,1.9168
20241206,中债国债收益率曲线,1.0,1.3485
20241206,中债国债收益率曲线,10.0,1.9539
20241205,中债国债收益率曲线,1.0,1.3479
20241205,中债国债收益率曲线,10.0,1.9462
20241204,中债国债收益率曲线,1.0,1.3432
20241204,中债国债收益率曲线,10.0,1.9612
20241203,中债国债收益率曲线,1.0,1.3491
20241203,中债国债收益率曲线,10.0,1.9886
20241202,中债国债收益率曲线,1.0,1.3500
20241202,中债国债收益率曲线,10.0,1.9810
20241129,中债国债收益率曲线,1.0,1.3698
20241129,中债国债收益率曲线,10.0,2.0206
20241128,中债国债收益率曲线,1.0,1.3777
20241128,中债国债收益率曲线,10.0,2.0304
20241127,中债国债收益率曲线,1.0,1.3845
20241127,中债国债收益率曲线,10.0,2.0553
20241126,中债国债收益率曲线,1.0,1.3856
20241126,中债国债收益率曲线,10.0,2.0657
20241125,中债国债收益率曲线,1.0,1.3603
20241125,中债国债收益率曲线,10.0,2.0682
20241122,中债国债收益率曲线,1.0,1.3504
20241122,中债国债收益率曲线,10.0,2.0832
20241121,中债国债收益率曲线,1.0,1.3479
20241121,中债国债收益率曲线,10.0,2.0843
20241120,中债国债收益率曲线,1.0,1.3480
20241120,中债国债收益率曲线,10.0,2.1025
20241119,中债国债收益率曲线,1.0,1.3579
20241119,中债国债收益率曲线,10.0,2.0947
20241118,中债国债收益率曲线,1.0,1.3703
20241118,中债国债收益率曲线,10.0,2.1117
20241115,中债国债收益率曲线,1.0,1.3875
20241115,中债国债收益率曲线,10.0,2.0948
20241114,中债国债收益率曲线,1.0,1.3910
20241114,中债国债收益率曲线,10.0,2.0808
20241113,中债国债收益率曲线,1.0,1.4028
20241113,中债国债收益率曲线,10.0,2.0876
20241112,中债国债收益率曲线,1.0,1.4008
20241112,中债国债收益率曲线,10.0,2.0729
20241111,中债国债收益率曲线,1.0,1.4032
20241111,中债国债收益率曲线,10.0,2.0920
20241108,中债国债收益率曲线,1.0,1.4062
20241108,中债国债收益率曲线,10.0,2.1067
20241107,中债国债收益率曲线,1.0,1.4022
20241107,中债国债收益率曲线,10.0,2.1115
20241106,中债国债收益率曲线,1.0,1.4103
20241106,中债国债收益率曲线,10.0,2.1234
20241105,中债国债收益率曲线,1.0,1.4077
20241105,中债国债收益率曲线,10.0,2.1106
20241104,中债国债收益率曲线,1.0,1.4044
20241104,中债国债收益率曲线,10.0,2.1275
20241101,中债国债收益率曲线,1.0,1.4065
20241101,中债国债收益率曲线,10.0,2.1406
20241031,中债国债收益率曲线,1.0,1.4260
20241031,中债国债收益率曲线,10.0,2.1476
20241030,中债国债收益率曲线,1.0,1.4461
20241030,中债国债收益率曲线,10.0,2.1597
20241029,中债国债收益率曲线,1.0,1.4367
20241029,中债国债收益率曲线,10.0,2.1598
20241028,中债国债收益率曲线,1.0,1.4070
20241028,中债国债收益率曲线,10.0,2.1617
20241025,中债国债收益率曲线,1.0,1.4169
20241025,中债国债收益率曲线,10.0,2.1539
20241024,中债国债收益率曲线,1.0,1.4302
20241024,中债国债收益率曲线,10.0,2.1661
20241023,中债国债收益率曲线,1.0,1.4254
20241023,中债国债收益率曲线,10.0,2.1559
20241022,中债国债收益率曲线,1.0,1.4349
20241022,中债国债收益率曲线,10.0,2.1458
20241021,中债国债收益率曲线,1.0,1.4354
20241021,中债国债收益率曲线,10.0,2.1211
20241018,中债国债收益率曲线,1.0,1.4329
20241018,中债国债收益率曲线,10.0,2.1209
20241017,中债国债收益率曲线,10.0,2.1084
20241017,中债国债收益率曲线,1.0,1.4279
20241016,中债国债收益率曲线,1.0,1.4504
20241016,中债国债收益率曲线,10.0,2.1331
20241015,中债国债收益率曲线,1.0,1.4504
20241015,中债国债收益率曲线,10.0,2.1254
20241014,中债国债收益率曲线,1.0,1.4479
20241014,中债国债收益率曲线,10.0,2.1368
20241012,中债国债收益率曲线,1.0,1.4179
20241012,中债国债收益率曲线,10.0,2.1441
20241011,中债国债收益率曲线,1.0,1.4429
20241011,中债国债收益率曲线,10.0,2.1392
20241010,中债国债收益率曲线,1.0,1.4379
20241010,中债国债收益率曲线,10.0,2.1441
20241009,中债国债收益率曲线,1.0,1.4279
20241009,中债国债收益率曲线,10.0,2.1760
20241008,中债国债收益率曲线,1.0,1.3729
20241008,中债国债收益率曲线,10.0,2.1928
20240930,中债国债收益率曲线,1.0,1.3679
20240930,中债国债收益率曲线,10.0,2.1518
20240929,中债国债收益率曲线,1.0,1.4379
20240929,中债国债收益率曲线,10.0,2.2534
20240927,中债国债收益率曲线,1.0,1.4379
20240927,中债国债收益率曲线,10.0,2.1714
20240926,中债国债收益率曲线,1.0,1.4029
20240926,中债国债收益率曲线,10.0,2.0787
20240925,中债国债收益率曲线,1.0,1.3879
20240925,中债国债收益率曲线,10.0,2.0437
20240924,中债国债收益率曲线,1.0,1.4179
20240924,中债国债收益率曲线,10.0,2.0728
20240923,中债国债收益率曲线,1.0,1.3879
20240923,中债国债收益率曲线,10.0,2.0381
20240920,中债国债收益率曲线,1.0,1.3910
20240920,中债国债收益率曲线,10.0,2.0431
20240919,中债国债收益率曲线,1.0,1.3910
20240919,中债国债收益率曲线,10.0,2.0450
20240918,中债国债收益率曲线,1.0,1.3660
20240918,中债国债收益率曲线,10.0,2.0403
20240914,中债国债收益率曲线,1.0,1.3310
20240914,中债国债收益率曲线,10.0,2.0425
20240913,中债国债收益率曲线,1.0,1.3260
20240913,中债国债收益率曲线,10.0,2.0724
20240912,中债国债收益率曲线,1.0,1.3260
20240912,中债国债收益率曲线,10.0,2.0998
20240911,中债国债收益率曲线,1.0,1.3285
20240911,中债国债收益率曲线,10.0,2.1044
20240910,中债国债收益率曲线,1.0,1.3552
20240910,中债国债收益率曲线,10.0,2.1143
20240909,中债国债收益率曲线,1.0,1.4152
20240909,中债国债收益率曲线,10.0,2.1267
20240906,中债国债收益率曲线,1.0,1.4352
20240906,中债国债收益率曲线,10.0,2.1388
20240905,中债国债收益率曲线,1.0,1.4475
20240905,中债国债收益率曲线,10.0,2.1338
20240904,中债国债收益率曲线,1.0,1.4550
20240904,中债国债收益率曲线,10.0,2.1336
20240903,中债国债收益率曲线,1.0,1.4300
20240903,中债国债收益率曲线,10.0,2.1432
20240902,中债国债收益率曲线,1.0,1.4650
20240902,中债国债收益率曲线,10.0,2.1457
20240830,中债国债收益率曲线,1.0,1.4900
20240830,中债国债收益率曲线,10.0,2.1704
20240829,中债国债收益率曲线,1.0,1.4912
20240829,中债国债收益率曲线,10.0,2.1703
20240828,中债国债收益率曲线,1.0,1.4963
20240828,中债国债收益率曲线,10.0,2.1673
20240827,中债国债收益率曲线,1.0,1.5073
20240827,中债国债收益率曲线,10.0,2.1903
20240826,中债国债收益率曲线,1.0,1.5042
20240826,中债国债收益率曲线,10.0,2.1628
20240823,中债国债收益率曲线,1.0,1.4973
20240823,中债国债收益率曲线,10.0,2.1547
20240822,中债国债收益率曲线,1.0,1.5211
20240822,中债国债收益率曲线,10.0,2.1582
20240821,中债国债收益率曲线,1.0,1.5443
20240821,中债国债收益率曲线,10.0,2.1670
20240820,中债国债收益率曲线,1.0,1.5535
20240820,中债国债收益率曲线,10.0,2.1710
20240819,中债国债收益率曲线,1.0,1.5406
20240819,中债国债收益率曲线,10.0,2.1816
20240816,中债国债收益率曲线,1.0,1.5341
20240816,中债国债收益率曲线,10.0,2.1978
20240815,中债国债收益率曲线,1.0,1.5211
20240815,中债国债收益率曲线,10.0,2.2050
20240814,中债国债收益率曲线,1.0,1.5059
20240814,中债国债收益率曲线,10.0,2.1966
20240813,中债国债收益率曲线,1.0,1.5008
20240813,中债国债收益率曲线,10.0,2.2255
20240812,中债国债收益率曲线,1.0,1.5283
20240812,中债国债收益率曲线,10.0,2.2508
20240809,中债国债收益率曲线,1.0,1.4562
20240809,中债国债收益率曲线,10.0,2.1986
20240808,中债国债收益率曲线,1.0,1.4268
20240808,中债国债收益率曲线,10.0,2.1810
20240807,中债国债收益率曲线,1.0,1.4065
20240807,中债国债收益率曲线,10.0,2.1414
20240806,中债国债收益率曲线,1.0,1.4103
20240806,中债国债收益率曲线,10.0,2.1491
20240805,中债国债收益率曲线,1.0,1.3902
20240805,中债国债收益率曲线,10.0,2.1376
20240802,中债国债收益率曲线,1.0,1.3901
20240802,中债国债收益率曲线,10.0,2.1277
20240801,中债国债收益率曲线,1.0,1.4101
20240801,中债国债收益率曲线,10.0,2.1297
20240731,中债国债收益率曲线,1.0,1.4201
20240731,中债国债收益率曲线,10.0,2.1494
20240730,中债国债收益率曲线,1.0,1.4300
20240730,中债国债收益率曲线,10.0,2.1480
20240729,中债国债收益率曲线,1.0,1.4500
20240729,中债国债收益率曲线,10.0,2.1574
20240726,中债国债收益率曲线,1.0,1.4769
20240726,中债国债收益率曲线,10.0,2.1944
20240725,中债国债收益率曲线,1.0,1.4650
20240725,中债国债收益率曲线,10.0,2.2168
20240724,中债国债收益率曲线,1.0,1.4655
20240724,中债国债收益率曲线,10.0,2.2381
20240723,中债国债收益率曲线,1.0,1.4705
20240723,中债国债收益率曲线,10.0,2.2322
20240722,中债国债收益率曲线,1.0,1.4880
20240722,中债国债收益率曲线,10.0,2.2461
20240719,中债国债收益率曲线,1.0,1.5265
20240719,中债国债收益率曲线,10.0,2.2614
20240718,中债国债收益率曲线,1.0,1.5315
20240718,中债国债收益率曲线,10.0,2.2673
20240717,中债国债收益率曲线,1.0,1.5240
20240717,中债国债收益率曲线,10.0,2.2598
20240716,中债国债收益率曲线,1.0,1.5290
20240716,中债国债收益率曲线,10.0,2.2613
20240715,中债国债收益率曲线,1.0,1.5365
20240715,中债国债收益率曲线,10.0,2.2541
20240712,中债国债收益率曲线,1.0,1.5390
20240712,中债国债收益率曲线,10.0,2.2604
20240711,中债国债收益率曲线,1.0,1.5390
20240711,中债国债收益率曲线,10.0,2.2648
20240710,中债国债收益率曲线,1.0,1.5515
20240710,中债国债收益率曲线,10.0,2.2707
20240709,中债国债收益率曲线,1.0,1.5540
20240709,中债国债收益率曲线,10.0,2.2698
20240708,中债国债收益率曲线,1.0,1.5790
20240708,中债国债收益率曲线,10.0,2.2904
20240705,中债国债收益率曲线,1.0,1.5290
20240705,中债国债收益率曲线,10.0,2.2754
20240704,中债国债收益率曲线,1.0,1.5290
20240704,中债国债收益率曲线,10.0,2.2502
20240703,中债国债收益率曲线,1.0,1.5240
20240703,中债国债收益率曲线,10.0,2.2426
20240702,中债国债收益率曲线,1.0,1.5365
20240702,中债国债收益率曲线,10.0,2.2369
20240701,中债国债收益率曲线,1.0,1.5565
20240701,中债国债收益率曲线,10.0,2.2486
20240628,中债国债收益率曲线,1.0,1.5390
20240628,中债国债收益率曲线,10.0,2.2058
20240627,中债国债收益率曲线,1.0,1.5490
20240627,中债国债收益率曲线,10.0,2.2081
20240626,中债国债收益率曲线,1.0,1.5440
20240626,中债国债收益率曲线,10.0,2.2225
20240625,中债国债收益率曲线,1.0,1.5615
20240625,中债国债收益率曲线,10.0,2.2350
20240624,中债国债收益率曲线,1.0,1.5915
20240624,中债国债收益率曲线,10.0,2.2451
20240621,中债国债收益率曲线,1.0,1.5915
20240621,中债国债收益率曲线,10.0,2.2571
20240620,中债国债收益率曲线,1.0,1.5990
20240620,中债国债收益率曲线,10.0,2.2445
20240619,中债国债收益率曲线,1.0,1.5990
20240619,中债国债收益率曲线,10.0,2.2429
20240618,中债国债收益率曲线,1.0,1.6040
20240618,中债国债收益率曲线,10.0,2.2537
20240617,中债国债收益率曲线,1.0,1.6040
20240617,中债国债收益率曲线,10.0,2.2609
20240614,中债国债收益率曲线,1.0,1.5940
20240614,中债国债收益率曲线,10.0,2.2558
20240613,中债国债收益率曲线,1.0,1.5970
20240613,中债国债收益率曲线,10.0,2.2678
20240612,中债国债收益率曲线,1.0,1.5990
20240612,中债国债收益率曲线,10.0,2.2760
20240611,中债国债收益率曲线,1.0,1.5990
20240611,中债国债收益率曲线,10.0,2.2791
20240607,中债国债收益率曲线,1.0,1.6040
20240607,中债国债收益率曲线,10.0,2.2833
20240606,中债国债收益率曲线,1.0,1.6105
20240606,中债国债收益率曲线,10.0,2.2828
20240605,中债国债收益率曲线,1.0,1.6319
20240605,中债国债收益率曲线,10.0,2.2808
20240604,中债国债收益率曲线,1.0,1.6461
20240604,中债国债收益率曲线,10.0,2.2854
20240603,中债国债收益率曲线,1.0,1.6457
20240603,中债国债收益率曲线,10.0,2.2853
20240531,中债国债收益率曲线,1.0,1.6444
20240531,中债国债收益率曲线,10.0,2.2926
20240530,中债国债收益率曲线,1.0,1.6531
20240530,中债国债收益率曲线,10.0,2.2826
20240529,中债国债收益率曲线,1.0,1.6567
20240529,中债国债收益率曲线,10.0,2.2776
20240528,中债国债收益率曲线,1.0,1.6552
20240528,中债国债收益率曲线,10.0,2.2994
20240527,中债国债收益率曲线,1.0,1.6612
20240527,中债国债收益率曲线,10.0,2.3084
20240524,中债国债收益率曲线,1.0,1.6375
20240524,中债国债收益率曲线,10.0,2.3134
20240523,中债国债收益率曲线,1.0,1.6085
20240523,中债国债收益率曲线,10.0,2.3063
20240522,中债国债收益率曲线,1.0,1.6052
20240522,中债国债收益率曲线,10.0,2.3123
20240521,中债国债收益率曲线,1.0,1.6129
20240521,中债国债收益率曲线,10.0,2.3141
20240520,中债国债收益率曲线,1.0,1.6136
20240520,中债国债收益率曲线,10.0,2.3105
20240517,中债国债收益率曲线,1.0,1.6073
20240517,中债国债收益率曲线,10.0,2.3077
20240516,中债国债收益率曲线,1.0,1.6280
20240516,中债国债收益率曲线,10.0,2.3147
20240515,中债国债收益率曲线,1.0,1.6134
20240515,中债国债收益率曲线,10.0,2.3020
20240514,中债国债收益率曲线,1.0,1.6132
20240514,中债国债收益率曲线,10.0,2.2938
20240513,中债国债收益率曲线,1.0,1.6417
20240513,中债国债收益率曲线,10.0,2.2900
20240511,中债国债收益率曲线,1.0,1.7092
20240511,中债国债收益率曲线,10.0,2.3361
20240510,中债国债收益率曲线,1.0,1.7044
20240510,中债国债收益率曲线,10.0,2.3122
20240509,中债国债收益率曲线,1.0,1.7205
20240509,中债国债收益率曲线,10.0,2.3186
20240508,中债国债收益率曲线,1.0,1.7071
20240508,中债国债收益率曲线,10.0,2.2955
20240507,中债国债收益率曲线,1.0,1.7028
20240507,中债国债收益率曲线,10.0,2.2896
20240506,中债国债收益率曲线,1.0,1.7022
20240506,中债国债收益率曲线,10.0,2.3081
20240430,中债国债收益率曲线,1.0,1.6928
20240430,中债国债收益率曲线,10.0,2.3028
20240429,中债国债收益率曲线,1.0,1.7831
20240429,中债国债收益率曲线,10.0,2.3530
20240428,中债国债收益率曲线,1.0,1.6932
20240428,中债国债收益率曲线,10.0,2.3244
20240426,中债国债收益率曲线,1.0,1.6646
20240426,中债国债收益率曲线,10.0,2.3084
20240425,中债国债收益率曲线,1.0,1.6046
20240425,中债国债收益率曲线,10.0,2.2612
20240424,中债国债收益率曲线,1.0,1.6696
20240424,中债国债收益率曲线,10.0,2.2727
20240423,中债国债收益率曲线,1.0,1.6633
20240423,中债国债收益率曲线,10.0,2.2260
20240422,中债国债收益率曲线,1.0,1.6833
20240422,中债国债收益率曲线,10.0,2.2435
20240419,中债国债收益率曲线,1.0,1.6933
20240419,中债国债收益率曲线,10.0,2.2540
20240418,中债国债收益率曲线,1.0,1.6983
20240418,中债国债收益率曲线,10.0,2.2537
20240417,中债国债收益率曲线,1.0,1.7133
20240417,中债国债收益率曲线,10.0,2.2608
20240416,中债国债收益率曲线,1.0,1.7233
20240416,中债国债收益率曲线,10.0,2.2723
20240415,中债国债收益率曲线,1.0,1.7033
20240415,中债国债收益率曲线,10.0,2.2798
20240412,中债国债收益率曲线,1.0,1.6958
20240412,中债国债收益率曲线,10.0,2.2837
20240411,中债国债收益率曲线,1.0,1.7033
20240411,中债国债收益率曲线,10.0,2.2928
20240410,中债国债收益率曲线,1.0,1.7033
20240410,中债国债收益率曲线,10.0,2.2972
20240409,中债国债收益率曲线,1.0,1.6925
20240409,中债国债收益率曲线,10.0,2.2802
20240408,中债国债收益率曲线,1.0,1.7025
20240408,中债国债收益率曲线,10.0,2.2822
20240407,中债国债收益率曲线,1.0,1.7225
20240407,中债国债收益率曲线,10.0,2.2937
20240403,中债国债收益率曲线,1.0,1.7225
20240403,中债国债收益率曲线,10.0,2.2837
20240402,中债国债收益率曲线,1.0,1.7275
20240402,中债国债收益率曲线,10.0,2.2927
20240401,中债国债收益率曲线,1.0,1.7425
20240401,中债国债收益率曲线,10.0,2.3082
20240329,中债国债收益率曲线,1.0,1.7225
20240329,中债国债收益率曲线,10.0,2.2901
20240328,中债国债收益率曲线,1.0,1.7525
20240328,中债国债收益率曲线,10.0,2.3026
20240327,中债国债收益率曲线,1.0,1.7525
20240327,中债国债收益率曲线,10.0,2.2876
20240326,中债国债收益率曲线,1.0,1.7900
20240326,中债国债收益率曲线,10.0,2.3175
20240325,中债国债收益率曲线,1.0,1.7875
20240325,中债国债收益率曲线,10.0,2.3151
20240322,中债国债收益率曲线,1.0,1.7625
20240322,中债国债收益率曲线,10.0,2.3051
20240321,中债国债收益率曲线,1.0,1.7625
20240321,中债国债收益率曲线,10.0,2.2851
20240320,中债国债收益率曲线,1.0,1.7725
20240320,中债国债收益率曲线,10.0,2.2951
20240319,中债国债收益率曲线,1.0,1.7725
20240319,中债国债收益率曲线,10.0,2.2801
20240318,中债国债收益率曲线,1.0,1.7825
20240318,中债国债收益率曲线,10.0,2.2926
20240315,中债国债收益率曲线,1.0,1.8325
20240315,中债国债收益率曲线,10.0,2.3200
20240314,中债国债收益率曲线,1.0,1.8475
20240314,中债国债收益率曲线,10.0,2.3425
20240313,中债国债收益率曲线,1.0,1.8175
20240313,中债国债收益率曲线,10.0,2.3326
20240312,中债国债收益率曲线,1.0,1.7975
20240312,中债国债收益率曲线,10.0,2.3476
20240311,中债国债收益率曲线,1.0,1.7575
20240311,中债国债收益率曲线,10.0,2.3050
20240308,中债国债收益率曲线,1.0,1.7525
20240308,中债国债收益率曲线,10.0,2.2825
20240307,中债国债收益率曲线,1.0,1.7578
20240307,中债国债收益率曲线,10.0,2.2776
20240306,中债国债收益率曲线,1.0,1.7574
20240306,中债国债收益率曲线,10.0,2.2650
20240305,中债国债收益率曲线,1.0,1.7732
20240305,中债国债收益率曲线,10.0,2.3169
20240304,中债国债收益率曲线,1.0,1.7612
20240304,中债国债收益率曲线,10.0,2.3475
20240301,中债国债收益率曲线,1.0,1.7833
20240301,中债国债收益率曲线,10.0,2.3675
20240229,中债国债收益率曲线,1.0,1.7871
20240229,中债国债收益率曲线,10.0,2.3375
20240228,中债国债收益率曲线,1.0,1.7863
20240228,中债国债收益率曲线,10.0,2.3376
20240227,中债国债收益率曲线,1.0,1.7739
20240227,中债国债收益率曲线,10.0,2.3809
20240226,中债国债收益率曲线,1.0,1.7670
20240226,中债国债收益率曲线,10.0,2.3789
20240223,中债国债收益率曲线,1.0,1.7699
20240223,中债国债收益率曲线,10.0,2.4009
20240222,中债国债收益率曲线,1.0,1.7731
20240222,中债国债收益率曲线,10.0,2.4033
20240221,中债国债收益率曲线,1.0,1.8149
20240221,中债国债收益率曲线,10.0,2.4119
20240220,中债国债收益率曲线,1.0,1.8649
20240220,中债国债收益率曲线,10.0,2.4134
20240219,中债国债收益率曲线,1.0,1.9157
20240219,中债国债收益率曲线,10.0,2.4344
20240218,中债国债收益率曲线,1.0,1.9292
20240218,中债国债收益率曲线,10.0,2.4393
20240209,中债国债收益率曲线,1.0,1.9265
20240209,中债国债收益率曲线,10.0,2.4302
20240208,中债国债收益率曲线,1.0,1.9265
20240208,中债国债收益率曲线,10.0,2.4379
20240207,中债国债收益率曲线,1.0,1.9287
20240207,中债国债收益率曲线,10.0,2.4153
20240206,中债国债收益率曲线,10.0,2.4525
20240206,中债国债收益率曲线,1.0,1.9269
20240205,中债国债收益率曲线,1.0,1.8829
20240205,中债国债收益率曲线,10.0,2.4002
20240204,中债国债收益率曲线,1.0,1.8803
20240204,中债国债收益率曲线,10.0,2.4053
20240202,中债国债收益率曲线,1.0,1.8903
20240202,中债国债收益率曲线,10.0,2.4244
20240201,中债国债收益率曲线,1.0,1.8802
20240201,中债国债收益率曲线,10.0,2.4354
20240131,中债国债收益率曲线,1.0,1.8802
20240131,中债国债收益率曲线,10.0,2.4330
20240130,中债国债收益率曲线,1.0,1.8751
20240130,中债国债收益率曲线,10.0,2.4557
20240129,中债国债收益率曲线,1.0,1.9401
20240129,中债国债收益率曲线,10.0,2.4940
20240126,中债国债收益率曲线,1.0,2.0229
20240126,中债国债收益率曲线,10.0,2.4994
20240125,中债国债收益率曲线,1.0,2.0342
20240125,中债国债收益率曲线,10.0,2.4984
20240124,中债国债收益率曲线,1.0,2.0691
20240124,中债国债收益率曲线,10.0,2.5042
20240123,中债国债收益率曲线,1.0,2.0841
20240123,中债国债收益率曲线,10.0,2.5042
20240122,中债国债收益率曲线,1.0,2.0813
20240122,中债国债收益率曲线,10.0,2.4922
20240119,中债国债收益率曲线,1.0,2.0841
20240119,中债国债收益率曲线,10.0,2.5027
20240118,中债国债收益率曲线,1.0,2.0991
20240118,中债国债收益率曲线,10.0,2.5092
20240117,中债国债收益率曲线,1.0,2.1041
20240117,中债国债收益率曲线,10.0,2.5077
20240116,中债国债收益率曲线,1.0,2.1091
20240116,中债国债收益率曲线,10.0,2.5252
20240115,中债国债收益率曲线,1.0,2.0991
20240115,中债国债收益率曲线,10.0,2.5212
20240112,中债国债收益率曲线,1.0,2.0941
20240112,中债国债收益率曲线,10.0,2.5172
20240111,中债国债收益率曲线,1.0,2.0941
20240111,中债国债收益率曲线,10.0,2.4992
20240110,中债国债收益率曲线,1.0,2.1091
20240110,中债国债收益率曲线,10.0,2.4982
20240109,中债国债收益率曲线,1.0,2.0991
20240109,中债国债收益率曲线,10.0,2.4862
20240108,中债国债收益率曲线,1.0,2.1191
20240108,中债国债收益率曲线,10.0,2.5136
20240105,中债国债收益率曲线,1.0,2.1091
20240105,中债国债收益率曲线,10.0,2.5175
20240104,中债国债收益率曲线,1.0,2.1541
20240104,中债国债收益率曲线,10.0,2.5368
20240103,中债国债收益率曲线,1.0,2.1416
20240103,中债国债收益率曲线,10.0,2.5531
20240102,中债国债收益率曲线,1.0,2.1166
20240102,中债国债收益率曲线,10.0,2.5601
20231231,中债国债收益率曲线,1.0,2.0796
20231231,中债国债收益率曲线,10.0,2.5553
20231229,中债国债收益率曲线,1.0,2.0796
20231229,中债国债收益率曲线,10.0,2.5553
20231228,中债国债收益率曲线,1.0,2.1196
20231228,中债国债收益率曲线,10.0,2.5694
20231227,中债国债收益率曲线,1.0,2.1546
20231227,中债国债收益率曲线,10.0,2.5577
20231226,中债国债收益率曲线,1.0,2.2046
20231226,中债国债收益率曲线,10.0,2.5804
20231225,中债国债收益率曲线,1.0,2.2246
20231225,中债国债收益率曲线,10.0,2.5678
20231222,中债国债收益率曲线,1.0,2.2526
20231222,中债国债收益率曲线,10.0,2.5877
20231221,中债国债收益率曲线,1.0,2.2801
20231221,中债国债收益率曲线,10.0,2.5901
20231220,中债国债收益率曲线,1.0,2.3051
20231220,中债国债收益率曲线,10.0,2.6222
20231219,中债国债收益率曲线,1.0,2.3001
20231219,中债国债收益率曲线,10.0,2.6191
20231218,中债国债收益率曲线,1.0,2.2951
20231218,中债国债收益率曲线,10.0,2.6126
20231215,中债国债收益率曲线,1.0,2.3076
20231215,中债国债收益率曲线,10.0,2.6227
20231214,中债国债收益率曲线,1.0,2.3351
20231214,中债国债收益率曲线,10.0,2.6376
20231213,中债国债收益率曲线,1.0,2.3526
20231213,中债国债收益率曲线,10.0,2.6226
20231212,中债国债收益率曲线,1.0,2.3826
20231212,中债国债收益率曲线,10.0,2.6375
20231211,中债国债收益率曲线,1.0,2.3816
20231211,中债国债收益率曲线,10.0,2.6440
20231208,中债国债收益率曲线,1.0,2.3791
20231208,中债国债收益率曲线,10.0,2.6636
20231207,中债国债收益率曲线,1.0,2.3816
20231207,中债国债收益率曲线,10.0,2.6640
20231206,中债国债收益率曲线,1.0,2.3971
20231206,中债国债收益率曲线,10.0,2.6725
20231205,中债国债收益率曲线,1.0,2.3817
20231205,中债国债收益率曲线,10.0,2.6650
20231204,中债国债收益率曲线,1.0,2.3769
20231204,中债国债收益率曲线,10.0,2.6725
20231201,中债国债收益率曲线,1.0,2.3439
20231201,中债国债收益率曲线,10.0,2.6625
20231130,中债国债收益率曲线,1.0,2.3367
20231130,中债国债收益率曲线,10.0,2.6680
20231129,中债国债收益率曲线,1.0,2.3566
20231129,中债国债收益率曲线,10.0,2.6826
20231128,中债国债收益率曲线,1.0,2.3564
20231128,中债国债收益率曲线,10.0,2.6898
20231127,中债国债收益率曲线,1.0,2.3889
20231127,中债国债收益率曲线,10.0,2.7108
20231124,中债国债收益率曲线,1.0,2.3317
20231124,中债国债收益率曲线,10.0,2.7053
20231123,中债国债收益率曲线,1.0,2.3264
20231123,中债国债收益率曲线,10.0,2.7023
20231122,中债国债收益率曲线,1.0,2.3112
20231122,中债国债收益率曲线,10.0,2.6823
20231121,中债国债收益率曲线,1.0,2.2024
20231121,中债国债收益率曲线,10.0,2.6684
20231120,中债国债收益率曲线,1.0,2.1477
20231120,中债国债收益率曲线,10.0,2.6584
20231117,中债国债收益率曲线,1.0,2.1221
20231117,中债国债收益率曲线,10.0,2.6524
20231116,中债国债收益率曲线,1.0,2.1415
20231116,中债国债收益率曲线,10.0,2.6558
20231115,中债国债收益率曲线,1.0,2.1613
20231115,中债国债收益率曲线,10.0,2.6633
20231114,中债国债收益率曲线,1.0,2.1713
20231114,中债国债收益率曲线,10.0,2.6573
20231113,中债国债收益率曲线,1.0,2.2059
20231113,中债国债收益率曲线,10.0,2.6454
20231110,中债国债收益率曲线,1.0,2.2306
20231110,中债国债收益率曲线,10.0,2.6444
20231109,中债国债收益率曲线,1.0,2.2406
20231109,中债国债收益率曲线,10.0,2.6494
20231108,中债国债收益率曲线,1.0,2.2479
20231108,中债国债收益率曲线,10.0,2.6464
20231107,中债国债收益率曲线,1.0,2.2505
20231107,中债国债收益率曲线,10.0,2.6632
20231106,中债国债收益率曲线,1.0,2.2303
20231106,中债国债收益率曲线,10.0,2.6554
20231103,中债国债收益率曲线,1.0,2.2202
20231103,中债国债收益率曲线,10.0,2.6613
20231102,中债国债收益率曲线,1.0,2.2151
20231102,中债国债收益率曲线,10.0,2.6553
20231101,中债国债收益率曲线,1.0,2.2501
20231101,中债国债收益率曲线,10.0,2.6853
20231031,中债国债收益率曲线,1.0,2.2051
20231031,中债国债收益率曲线,10.0,2.6938
20231030,中债国债收益率曲线,1.0,2.2251
20231030,中债国债收益率曲线,10.0,2.7141
20231027,中债国债收益率曲线,1.0,2.2807
20231027,中债国债收益率曲线,10.0,2.7133
20231026,中债国债收益率曲线,1.0,2.2838
20231026,中债国债收益率曲线,10.0,2.7152
20231025,中债国债收益率曲线,1.0,2.2838
20231025,中债国债收益率曲线,10.0,2.7052
20231024,中债国债收益率曲线,1.0,2.3257
20231024,中债国债收益率曲线,10.0,2.7177
20231023,中债国债收益率曲线,1.0,2.3007
20231023,中债国债收益率曲线,10.0,2.7047
20231020,中债国债收益率曲线,1.0,2.3107
20231020,中债国债收益率曲线,10.0,2.7052
20231019,中债国债收益率曲线,1.0,2.2907
20231019,中债国债收益率曲线,10.0,2.7177
20231018,中债国债收益率曲线,1.0,2.2457
20231018,中债国债收益率曲线,10.0,2.7052
20231017,中债国债收益率曲线,1.0,2.2227
20231017,中债国债收益率曲线,10.0,2.6882
20231016,中债国债收益率曲线,1.0,2.1877
20231016,中债国债收益率曲线,10.0,2.6777
20231013,中债国债收益率曲线,1.0,2.1777
20231013,中债国债收益率曲线,10.0,2.6702
20231012,中债国债收益率曲线,1.0,2.1977
20231012,中债国债收益率曲线,10.0,2.6911
20231011,中债国债收益率曲线,1.0,2.2377
20231011,中债国债收益率曲线,10.0,2.6976
20231010,中债国债收益率曲线,1.0,2.1977
20231010,中债国债收益率曲线,10.0,2.6811
20231009,中债国债收益率曲线,1.0,2.1577
20231009,中债国债收益率曲线,10.0,2.6702
20231008,中债国债收益率曲线,1.0,2.1377
20231008,中债国债收益率曲线,10.0,2.6626
20231007,中债国债收益率曲线,1.0,2.1477
20231007,中债国债收益率曲线,10.0,2.6651
20230928,中债国债收益率曲线,1.0,2.1677
20230928,中债国债收益率曲线,10.0,2.6751
20230927,中债国债收益率曲线,1.0,2.2077
20230927,中债国债收益率曲线,10.0,2.6877
20230926,中债国债收益率曲线,1.0,2.2327
20230926,中债国债收益率曲线,10.0,2.6951
20230925,中债国债收益率曲线,1.0,2.2127
20230925,中债国债收益率曲线,10.0,2.6976
20230922,中债国债收益率曲线,1.0,2.1977
20230922,中债国债收益率曲线,10.0,2.6776
20230921,中债国债收益率曲线,1.0,2.1877
20230921,中债国债收益率曲线,10.0,2.6576
20230920,中债国债收益率曲线,1.0,2.2077
20230920,中债国债收益率曲线,10.0,2.6650
20230919,中债国债收益率曲线,1.0,2.1877
20230919,中债国债收益率曲线,10.0,2.6625
20230918,中债国债收益率曲线,1.0,2.1727
20230918,中债国债收益率曲线,10.0,2.6500
20230915,中债国债收益率曲线,1.0,2.1327
20230915,中债国债收益率曲线,10.0,2.6400
20230914,中债国债收益率曲线,1.0,2.1027
20230914,中债国债收益率曲线,10.0,2.6075
20230913,中债国债收益率曲线,1.0,2.1027
20230913,中债国债收益率曲线,10.0,2.6150
20230912,中债国债收益率曲线,1.0,2.1252
20230912,中债国债收益率曲线,10.0,2.6230
20230911,中债国债收益率曲线,1.0,2.1352
20230911,中债国债收益率曲线,10.0,2.6300
20230908,中债国债收益率曲线,1.0,2.0952
20230908,中债国债收益率曲线,10.0,2.6375
20230907,中债国债收益率曲线,1.0,2.0874
20230907,中债国债收益率曲线,10.0,2.6350
20230906,中债国债收益率曲线,1.0,2.0801
20230906,中债国债收益率曲线,10.0,2.6375
20230905,中债国债收益率曲线,1.0,1.9929
20230905,中债国债收益率曲线,10.0,2.6150
20230904,中债国债收益率曲线,1.0,1.9822
20230904,中债国债收益率曲线,10.0,2.6124
20230901,中债国债收益率曲线,1.0,1.9578
20230901,中债国债收益率曲线,10.0,2.5850
20230831,中债国债收益率曲线,1.0,1.9051
20230831,中债国债收益率曲线,10.0,2.5575
20230830,中债国债收益率曲线,1.0,1.9392
20230830,中债国债收益率曲线,10.0,2.5600
20230829,中债国债收益率曲线,1.0,1.9902
20230829,中债国债收益率曲线,10.0,2.5700
20230828,中债国债收益率曲线,1.0,1.9245
20230828,中债国债收益率曲线,10.0,2.5837
20230825,中债国债收益率曲线,1.0,1.8951
20230825,中债国债收益率曲线,10.0,2.5702
20230824,中债国债收益率曲线,1.0,1.8772
20230824,中债国债收益率曲线,10.0,2.5543
20230823,中债国债收益率曲线,1.0,1.8964
20230823,中债国债收益率曲线,10.0,2.5535
20230822,中债国债收益率曲线,1.0,1.8990
20230822,中债国债收益率曲线,10.0,2.5564
20230821,中债国债收益率曲线,1.0,1.8705
20230821,中债国债收益率曲线,10.0,2.5403
20230818,中债国债收益率曲线,1.0,1.8323
20230818,中债国债收益率曲线,10.0,2.5639
20230817,中债国债收益率曲线,1.0,1.8397
20230817,中债国债收益率曲线,10.0,2.5678
20230816,中债国债收益率曲线,1.0,1.8375
20230816,中债国债收益率曲线,10.0,2.5649
20230815,中债国债收益率曲线,1.0,1.8245
20230815,中债国债收益率曲线,10.0,2.5759
20230814,中债国债收益率曲线,1.0,1.8156
20230814,中债国债收益率曲线,10.0,2.6212
20230811,中债国债收益率曲线,1.0,1.8305
20230811,中债国债收益率曲线,10.0,2.6381
20230810,中债国债收益率曲线,1.0,1.8265
20230810,中债国债收益率曲线,10.0,2.6475
20230809,中债国债收益率曲线,1.0,1.8093
20230809,中债国债收益率曲线,10.0,2.6461
20230808,中债国债收益率曲线,1.0,1.7796
20230808,中债国债收益率曲线,10.0,2.6454
20230807,中债国债收益率曲线,1.0,1.7599
20230807,中债国债收益率曲线,10.0,2.6462
20230804,中债国债收益率曲线,1.0,1.7511
20230804,中债国债收益率曲线,10.0,2.6469
20230803,中债国债收益率曲线,1.0,1.7421
20230803,中债国债收益率曲线,10.0,2.6435
20230802,中债国债收益率曲线,1.0,1.7663
20230802,中债国债收益率曲线,10.0,2.6525
20230801,中债国债收益率曲线,1.0,1.7751
20230801,中债国债收益率曲线,10.0,2.6607
20230731,中债国债收益率曲线,1.0,1.8102
20230731,中债国债收益率曲线,10.0,2.6597
20230728,中债国债收益率曲线,1.0,1.8181
20230728,中债国债收益率曲线,10.0,2.6533
20230727,中债国债收益率曲线,1.0,1.8182
20230727,中债国债收益率曲线,10.0,2.6395
20230726,中债国债收益率曲线,1.0,1.7882
20230726,中债国债收益率曲线,10.0,2.6430
20230725,中债国债收益率曲线,1.0,1.7782
20230725,中债国债收益率曲线,10.0,2.6630
20230724,中债国债收益率曲线,1.0,1.7335
20230724,中债国债收益率曲线,10.0,2.5934
20230721,中债国债收益率曲线,1.0,1.7385
20230721,中债国债收益率曲线,10.0,2.6079
20230720,中债国债收益率曲线,1.0,1.7485
20230720,中债国债收益率曲线,10.0,2.6214
20230719,中债国债收益率曲线,1.0,1.7535
20230719,中债国债收益率曲线,10.0,2.6233
20230718,中债国债收益率曲线,1.0,1.7635
20230718,中债国债收益率曲线,10.0,2.6234
20230717,中债国债收益率曲线,1.0,1.7635
20230717,中债国债收益率曲线,10.0,2.6364
20230714,中债国债收益率曲线,1.0,1.8385
20230714,中债国债收益率曲线,10.0,2.6444
20230713,中债国债收益率曲线,1.0,1.8384
20230713,中债国债收益率曲线,10.0,2.6413
20230712,中债国债收益率曲线,1.0,1.8183
20230712,中债国债收益率曲线,10.0,2.6378
20230711,中债国债收益率曲线,1.0,1.8231
20230711,中债国债收益率曲线,10.0,2.6353
20230710,中债国债收益率曲线,1.0,1.8279
20230710,中债国债收益率曲线,10.0,2.6403
20230707,中债国债收益率曲线,1.0,1.8279
20230707,中债国债收益率曲线,10.0,2.6403
20230706,中债国债收益率曲线,1.0,1.8227
20230706,中债国债收益率曲线,10.0,2.6392
20230705,中债国债收益率曲线,1.0,1.8227
20230705,中债国债收益率曲线,10.0,2.6402
20230704,中债国债收益率曲线,1.0,1.8326
20230704,中债国债收益率曲线,10.0,2.6477
20230703,中债国债收益率曲线,1.0,1.8425
20230703,中债国债收益率曲线,10.0,2.6402
20230630,中债国债收益率曲线,1.0,1.8723
20230630,中债国债收益率曲线,10.0,2.6351
20230629,中债国债收益率曲线,1.0,1.9320
20230629,中债国债收益率曲线,10.0,2.6526
20230628,中债国债收益率曲线,1.0,1.9420
20230628,中债国债收益率曲线,10.0,2.6651
20230627,中债国债收益率曲线,1.0,1.9520
20230627,中债国债收益率曲线,10.0,2.6676
20230626,中债国债收益率曲线,1.0,1.9120
20230626,中债国债收益率曲线,10.0,2.6677
20230625,中债国债收益率曲线,1.0,1.9120
20230625,中债国债收益率曲线,10.0,2.6576
20230621,中债国债收益率曲线,1.0,1.9161
20230621,中债国债收益率曲线,10.0,2.6701
20230620,中债国债收益率曲线,1.0,1.9118
20230620,中债国债收益率曲线,10.0,2.6751
20230619,中债国债收益率曲线,1.0,1.9018
20230619,中债国债收益率曲线,10.0,2.6876
20230616,中债国债收益率曲线,1.0,1.8817
20230616,中债国债收益率曲线,10.0,2.6626
20230615,中债国债收益率曲线,1.0,1.8616
20230615,中债国债收益率曲线,10.0,2.6482
20230614,中债国债收益率曲线,1.0,1.8365
20230614,中债国债收益率曲线,10.0,2.6178
20230613,中债国债收益率曲线,1.0,1.8514
20230613,中债国债收益率曲线,10.0,2.6227
20230612,中债国债收益率曲线,1.0,1.8663
20230612,中债国债收益率曲线,10.0,2.6704
20230609,中债国债收益率曲线,1.0,1.8636
20230609,中债国债收益率曲线,10.0,2.6703
20230608,中债国债收益率曲线,1.0,1.8887
20230608,中债国债收益率曲线,10.0,2.6822
20230607,中债国债收益率曲线,1.0,1.8955
20230607,中债国债收益率曲线,10.0,2.6827
20230606,中债国债收益率曲线,1.0,1.9177
20230606,中债国债收益率曲线,10.0,2.6826
20230605,中债国债收益率曲线,1.0,1.9390
20230605,中债国债收益率曲线,10.0,2.6926
20230602,中债国债收益率曲线,1.0,1.9731
20230602,中债国债收益率曲线,10.0,2.6951
20230601,中债国债收益率曲线,1.0,1.9721
20230601,中债国债收益率曲线,10.0,2.6825
20230531,中债国债收益率曲线,1.0,1.9829
20230531,中债国债收益率曲线,10.0,2.6850
20230530,中债国债收益率曲线,1.0,1.9835
20230530,中债国债收益率曲线,10.0,2.7000
20230529,中债国债收益率曲线,1.0,1.9979
20230529,中债国债收益率曲线,10.0,2.6950
20230526,中债国债收益率曲线,1.0,2.0188
20230526,中债国债收益率曲线,10.0,2.7205
20230525,中债国债收益率曲线,1.0,1.9790
20230525,中债国债收益率曲线,10.0,2.7065
20230524,中债国债收益率曲线,1.0,1.9893
20230524,中债国债收益率曲线,10.0,2.7037
20230523,中债国债收益率曲线,1.0,1.9909
20230523,中债国债收益率曲线,10.0,2.6962
20230522,中债国债收益率曲线,1.0,2.0218
20230522,中债国债收益率曲线,10.0,2.7132
20230519,中债国债收益率曲线,1.0,2.0554
20230519,中债国债收益率曲线,10.0,2.7151
20230518,中债国债收益率曲线,1.0,2.0729
20230518,中债国债收益率曲线,10.0,2.7184
20230517,中债国债收益率曲线,1.0,2.0780
20230517,中债国债收益率曲线,10.0,2.7210
20230516,中债国债收益率曲线,1.0,2.0653
20230516,中债国债收益率曲线,10.0,2.7129
20230515,中债国债收益率曲线,1.0,2.0602
20230515,中债国债收益率曲线,10.0,2.7190
20230512,中债国债收益率曲线,1.0,2.0441
20230512,中债国债收益率曲线,10.0,2.7058
20230511,中债国债收益率曲线,1.0,2.0353
20230511,中债国债收益率曲线,10.0,2.7010
20230510,中债国债收益率曲线,1.0,2.0883
20230510,中债国债收益率曲线,10.0,2.7210
20230509,中债国债收益率曲线,1.0,2.1203
20230509,中债国债收益率曲线,10.0,2.7383
20230508,中债国债收益率曲线,1.0,2.1323
20230508,中债国债收益率曲线,10.0,2.7484
20230506,中债国债收益率曲线,1.0,2.1215
20230506,中债国债收益率曲线,10.0,2.7311
20230505,中债国债收益率曲线,1.0,2.1266
20230505,中债国债收益率曲线,10.0,2.7338
20230504,中债国债收益率曲线,1.0,2.1362
20230504,中债国债收益率曲线,10.0,2.7613
20230428,中债国债收益率曲线,1.0,2.1464
20230428,中债国债收益率曲线,10.0,2.7788
20230427,中债国债收益率曲线,1.0,2.1560
20230427,中债国债收益率曲线,10.0,2.7852
20230426,中债国债收益率曲线,1.0,2.1727
20230426,中债国债收益率曲线,10.0,2.8058
20230425,中债国债收益率曲线,1.0,2.1754
20230425,中债国债收益率曲线,10.0,2.8157
20230424,中债国债收益率曲线,1.0,2.1855
20230424,中债国债收益率曲线,10.0,2.8176
20230423,中债国债收益率曲线,1.0,2.1906
20230423,中债国债收益率曲线,10.0,2.8220
20230421,中债国债收益率曲线,1.0,2.1894
20230421,中债国债收益率曲线,10.0,2.8258
20230420,中债国债收益率曲线,1.0,2.1905
20230420,中债国债收益率曲线,10.0,2.8332
20230419,中债国债收益率曲线,1.0,2.1891
20230419,中债国债收益率曲线,10.0,2.8333
20230418,中债国债收益率曲线,1.0,2.2016
20230418,中债国债收益率曲线,10.0,2.8319
20230417,中债国债收益率曲线,1.0,2.2141
20230417,中债国债收益率曲线,10.0,2.8432
20230414,中债国债收益率曲线,1.0,2.2091
20230414,中债国债收益率曲线,10.0,2.8281
20230413,中债国债收益率曲线,1.0,2.2066
20230413,中债国债收益率曲线,10.0,2.8277
20230412,中债国债收益率曲线,1.0,2.2091
20230412,中债国债收益率曲线,10.0,2.8158
20230411,中债国债收益率曲线,1.0,2.2128
20230411,中债国债收益率曲线,10.0,2.8203
20230410,中债国债收益率曲线,1.0,2.2228
20230410,中债国债收益率曲线,10.0,2.8455
20230407,中债国债收益率曲线,1.0,2.2278
20230407,中债国债收益率曲线,10.0,2.8464
20230406,中债国债收益率曲线,1.0,2.2278
20230406,中债国债收益率曲线,10.0,2.8605
20230404,中债国债收益率曲线,1.0,2.2303
20230404,中债国债收益率曲线,10.0,2.8584
20230403,中债国债收益率曲线,1.0,2.2328
20230403,中债国债收益率曲线,10.0,2.8604
20230331,中债国债收益率曲线,1.0,2.2328
20230331,中债国债收益率曲线,10.0,2.8528
20230330,中债国债收益率曲线,1.0,2.2728
20230330,中债国债收益率曲线,10.0,2.8603
20230329,中债国债收益率曲线,1.0,2.2753
20230329,中债国债收益率曲线,10.0,2.8532
20230328,中债国债收益率曲线,1.0,2.2778
20230328,中债国债收益率曲线,10.0,2.8556
20230327,中债国债收益率曲线,1.0,2.2728
20230327,中债国债收益率曲线,10.0,2.8551
20230324,中债国债收益率曲线,1.0,2.2928
20230324,中债国债收益率曲线,10.0,2.8676
20230323,中债国债收益率曲线,1.0,2.2678
20230323,中债国债收益率曲线,10.0,2.8652
20230322,中债国债收益率曲线,1.0,2.2728
20230322,中债国债收益率曲线,10.0,2.8577
20230321,中债国债收益率曲线,1.0,2.2490
20230321,中债国债收益率曲线,10.0,2.8604
20230320,中债国债收益率曲线,1.0,2.2340
20230320,中债国债收益率曲线,10.0,2.8504
20230317,中债国债收益率曲线,1.0,2.2490
20230317,中债国债收益率曲线,10.0,2.8602
20230316,中债国债收益率曲线,1.0,2.2490
20230316,中债国债收益率曲线,10.0,2.8552
20230315,中债国债收益率曲线,1.0,2.2790
20230315,中债国债收益率曲线,10.0,2.8652
20230314,中债国债收益率曲线,1.0,2.2690
20230314,中债国债收益率曲线,10.0,2.8652
20230313,中债国债收益率曲线,1.0,2.2630
20230313,中债国债收益率曲线,10.0,2.8703
20230310,中债国债收益率曲线,1.0,2.2630
20230310,中债国债收益率曲线,10.0,2.8627
20230309,中债国债收益率曲线,1.0,2.2730
20230309,中债国债收益率曲线,10.0,2.8752
20230308,中债国债收益率曲线,1.0,2.2730
20230308,中债国债收益率曲线,10.0,2.8828
20230307,中债国债收益率曲线,1.0,2.2880
20230307,中债国债收益率曲线,10.0,2.8726
20230306,中债国债收益率曲线,1.0,2.2955
20230306,中债国债收益率曲线,10.0,2.8826
20230303,中债国债收益率曲线,1.0,2.3230
20230303,中债国债收益率曲线,10.0,2.9026
20230302,中债国债收益率曲线,1.0,2.3247
20230302,中债国债收益率曲线,10.0,2.9111
20230301,中债国债收益率曲线,1.0,2.3197
20230301,中债国债收益率曲线,10.0,2.8977
20230228,中债国债收益率曲线,1.0,2.3291
20230228,中债国债收益率曲线,10.0,2.9017
20230227,中债国债收益率曲线,1.0,2.3165
20230227,中债国债收益率曲线,10.0,2.9117
20230224,中债国债收益率曲线,1.0,2.2948
20230224,中债国债收益率曲线,10.0,2.9126
20230223,中债国债收益率曲线,1.0,2.2603
20230223,中债国债收益率曲线,10.0,2.9220
20230222,中债国债收益率曲线,1.0,2.2400
20230222,中债国债收益率曲线,10.0,2.9175
20230221,中债国债收益率曲线,1.0,2.2422
20230221,中债国债收益率曲线,10.0,2.9190
20230220,中债国债收益率曲线,1.0,2.2395
20230220,中债国债收益率曲线,10.0,2.9170
20230217,中债国债收益率曲线,1.0,2.1973
20230217,中债国债收益率曲线,10.0,2.8920
20230216,中债国债收益率曲线,1.0,2.1916
20230216,中债国债收益率曲线,10.0,2.8907
20230215,中债国债收益率曲线,1.0,2.1792
20230215,中债国债收益率曲线,10.0,2.8918
20230214,中债国债收益率曲线,1.0,2.1781
20230214,中债国债收益率曲线,10.0,2.8914
20230213,中债国债收益率曲线,1.0,2.1734
20230213,中债国债收益率曲线,10.0,2.8943
20230210,中债国债收益率曲线,1.0,2.1682
20230210,中债国债收益率曲线,10.0,2.9003
20230209,中债国债收益率曲线,1.0,2.1673
20230209,中债国债收益率曲线,10.0,2.8912
20230208,中债国债收益率曲线,1.0,2.1617
20230208,中债国债收益率曲线,10.0,2.8973
20230207,中债国债收益率曲线,1.0,2.1630
20230207,中债国债收益率曲线,10.0,2.8964
20230206,中债国债收益率曲线,1.0,2.1581
20230206,中债国债收益率曲线,10.0,2.9017
20230203,中债国债收益率曲线,1.0,2.1504
20230203,中债国债收益率曲线,10.0,2.8943
20230202,中债国债收益率曲线,1.0,2.1507
20230202,中债国债收益率曲线,10.0,2.8970
20230201,中债国债收益率曲线,1.0,2.1631
20230201,中债国债收益率曲线,10.0,2.9101
20230131,中债国债收益率曲线,1.0,2.1535
20230131,中债国债收益率曲线,10.0,2.8977
20230130,中债国债收益率曲线,1.0,2.1760
20230130,中债国债收益率曲线,10.0,2.9133
20230129,中债国债收益率曲线,1.0,2.1519
20230129,中债国债收益率曲线,10.0,2.9219
20230128,中债国债收益率曲线,1.0,2.1496
20230128,中债国债收益率曲线,10.0,2.9341
20230120,中债国债收益率曲线,1.0,2.1648
20230120,中债国债收益率曲线,10.0,2.9331
20230119,中债国债收益率曲线,1.0,2.1677
20230119,中债国债收益率曲线,10.0,2.9145
20230118,中债国债收益率曲线,1.0,2.1615
20230118,中债国债收益率曲线,10.0,2.9222
20230117,中债国债收益率曲线,1.0,2.1270
20230117,中债国债收益率曲线,10.0,2.9017
20230116,中债国债收益率曲线,1.0,2.1270
20230116,中债国债收益率曲线,10.0,2.9167
20230113,中债国债收益率曲线,1.0,2.0970
20230113,中债国债收益率曲线,10.0,2.9010
20230112,中债国债收益率曲线,1.0,2.0970
20230112,中债国债收益率曲线,10.0,2.8778
20230111,中债国债收益率曲线,1.0,2.1270
20230111,中债国债收益率曲线,10.0,2.8603
20230110,中债国债收益率曲线,1.0,2.1220
20230110,中债国债收益率曲线,10.0,2.8602
20230109,中债国债收益率曲线,1.0,2.0996
20230109,中债国债收益率曲线,10.0,2.8428
20230106,中债国债收益率曲线,1.0,2.0970
20230106,中债国债收益率曲线,10.0,2.8328
20230105,中债国债收益率曲线,1.0,2.0820
20230105,中债国债收益率曲线,10.0,2.8304
20230104,中债国债收益率曲线,1.0,2.0670
20230104,中债国债收益率曲线,10.0,2.8103
20230103,中债国债收益率曲线,1.0,2.1120
20230103,中债国债收益率曲线,10.0,2.8228
20221231,中债国债收益率曲线,1.0,2.0969
20221231,中债国债收益率曲线,10.0,2.8353
20221230,中债国债收益率曲线,1.0,2.0969
20221230,中债国债收益率曲线,10.0,2.8353
20221229,中债国债收益率曲线,1.0,2.1669
20221229,中债国债收益率曲线,10.0,2.8376
20221228,中债国债收益率曲线,1.0,2.2369
20221228,中债国债收益率曲线,10.0,2.8503
20221227,中债国债收益率曲线,1.0,2.2469
20221227,中债国债收益率曲线,10.0,2.8657
20221226,中债国债收益率曲线,1.0,2.2469
20221226,中债国债收益率曲线,10.0,2.8378
20221223,中债国债收益率曲线,1.0,2.2269
20221223,中债国债收益率曲线,10.0,2.8251
20221222,中债国债收益率曲线,1.0,2.2669
20221222,中债国债收益率曲线,10.0,2.8503
20221221,中债国债收益率曲线,1.0,2.2919
20221221,中债国债收益率曲线,10.0,2.8606
20221220,中债国债收益率曲线,1.0,2.2969
20221220,中债国债收益率曲线,10.0,2.8732
20221219,中债国债收益率曲线,1.0,2.2969
20221219,中债国债收益率曲线,10.0,2.8632
20221216,中债国债收益率曲线,1.0,2.3169
20221216,中债国债收益率曲线,10.0,2.8856
20221215,中债国债收益率曲线,1.0,2.3169
20221215,中债国债收益率曲线,10.0,2.8829
20221214,中债国债收益率曲线,1.0,2.3019
20221214,中债国债收益率曲线,10.0,2.8655
20221213,中债国债收益率曲线,1.0,2.3369
20221213,中债国债收益率曲线,10.0,2.8952
20221212,中债国债收益率曲线,1.0,2.3019
20221212,中债国债收益率曲线,10.0,2.8902
20221209,中债国债收益率曲线,1.0,2.2869
20221209,中债国债收益率曲线,10.0,2.8903
20221208,中债国债收益率曲线,1.0,2.2457
20221208,中债国债收益率曲线,10.0,2.8853
20221207,中债国债收益率曲线,1.0,2.2495
20221207,中债国债收益率曲线,10.0,2.8702
20221206,中债国债收益率曲线,1.0,2.1566
20221206,中债国债收益率曲线,10.0,2.9152
20221205,中债国债收益率曲线,1.0,2.1462
20221205,中债国债收益率曲线,10.0,2.8902
20221202,中债国债收益率曲线,1.0,2.1554
20221202,中债国债收益率曲线,10.0,2.8676
20221201,中债国债收益率曲线,1.0,2.1456
20221201,中债国债收益率曲线,10.0,2.8600
20221130,中债国债收益率曲线,1.0,2.1341
20221130,中债国债收益率曲线,10.0,2.8850
20221129,中债国债收益率曲线,1.0,2.1139
20221129,中债国债收益率曲线,10.0,2.8800
20221128,中债国债收益率曲线,1.0,2.0699
20221128,中债国债收益率曲线,10.0,2.8600
20221125,中债国债收益率曲线,1.0,2.0685
20221125,中债国债收益率曲线,10.0,2.8300
20221124,中债国债收益率曲线,1.0,2.0581
20221124,中债国债收益率曲线,10.0,2.7950
20221123,中债国债收益率曲线,1.0,2.1024
20221123,中债国债收益率曲线,10.0,2.7975
20221122,中债国债收益率曲线,1.0,2.1431
20221122,中债国债收益率曲线,10.0,2.8276
20221121,中债国债收益率曲线,1.0,2.1504
20221121,中债国债收益率曲线,10.0,2.8180
20221118,中债国债收益率曲线,1.0,2.1718
20221118,中债国债收益率曲线,10.0,2.8250
20221117,中债国债收益率曲线,1.0,2.1715
20221117,中债国债收益率曲线,10.0,2.8026
20221116,中债国债收益率曲线,1.0,2.2014
20221116,中债国债收益率曲线,10.0,2.8329
20221115,中债国债收益率曲线,1.0,2.1342
20221115,中债国债收益率曲线,10.0,2.8155
20221114,中债国债收益率曲线,1.0,2.0663
20221114,中债国债收益率曲线,10.0,2.8354
20221111,中债国债收益率曲线,1.0,1.9614
20221111,中债国债收益率曲线,10.0,2.7354
20221110,中债国债收益率曲线,1.0,1.8584
20221110,中债国债收益率曲线,10.0,2.7028
20221109,中债国债收益率曲线,1.0,1.8156
20221109,中债国债收益率曲线,10.0,2.6953
20221108,中债国债收益率曲线,1.0,1.7774
20221108,中债国债收益率曲线,10.0,2.6853
20221107,中债国债收益率曲线,1.0,1.7516
20221107,中债国债收益率曲线,10.0,2.7003
20221104,中债国债收益率曲线,1.0,1.7628
20221104,中债国债收益率曲线,10.0,2.7023
20221103,中债国债收益率曲线,1.0,1.7530
20221103,中债国债收益率曲线,10.0,2.6776
20221102,中债国债收益率曲线,1.0,1.7633
20221102,中债国债收益率曲线,10.0,2.6854
20221101,中债国债收益率曲线,1.0,1.7523
20221101,中债国债收益率曲线,10.0,2.6629
20221031,中债国债收益率曲线,1.0,1.7305
20221031,中债国债收益率曲线,10.0,2.6433
20221028,中债国债收益率曲线,1.0,1.7403
20221028,中债国债收益率曲线,10.0,2.6653
20221027,中债国债收益率曲线,1.0,1.7551
20221027,中债国债收益率曲线,10.0,2.6953
20221026,中债国债收益率曲线,1.0,1.8005
20221026,中债国债收益率曲线,10.0,2.7025
20221025,中债国债收益率曲线,1.0,1.7945
20221025,中债国债收益率曲线,10.0,2.7278
20221024,中债国债收益率曲线,1.0,1.7700
20221024,中债国债收益率曲线,10.0,2.7153
20221021,中债国债收益率曲线,1.0,1.7706
20221021,中债国债收益率曲线,10.0,2.7278
20221020,中债国债收益率曲线,1.0,1.7656
20221020,中债国债收益率曲线,10.0,2.7175
20221019,中债国债收益率曲线,1.0,1.7806
20221019,中债国债收益率曲线,10.0,2.7052
20221018,中债国债收益率曲线,1.0,1.7856
20221018,中债国债收益率曲线,10.0,2.7002
20221017,中债国债收益率曲线,1.0,1.7856
20221017,中债国债收益率曲线,10.0,2.7002
20221014,中债国债收益率曲线,1.0,1.7851
20221014,中债国债收益率曲线,10.0,2.6977
20221013,中债国债收益率曲线,1.0,1.8051
20221013,中债国债收益率曲线,10.0,2.7252
20221012,中债国债收益率曲线,1.0,1.8067
20221012,中债国债收益率曲线,10.0,2.7352
20221011,中债国债收益率曲线,1.0,1.7867
20221011,中债国债收益率曲线,10.0,2.7426
20221010,中债国债收益率曲线,1.0,1.7908
20221010,中债国债收益率曲线,10.0,2.7402
20221009,中债国债收益率曲线,1.0,1.8290
20221009,中债国债收益率曲线,10.0,2.7452
20221008,中债国债收益率曲线,1.0,1.8323
20221008,中债国债收益率曲线,10.0,2.7626
20220930,中债国债收益率曲线,1.0,1.8535
20220930,中债国债收益率曲线,10.0,2.7601
20220929,中债国债收益率曲线,1.0,1.8930
20220929,中债国债收益率曲线,10.0,2.7501
20220928,中债国债收益率曲线,10.0,2.7401
20220928,中债国债收益率曲线,1.0,1.9024
20220927,中债国债收益率曲线,1.0,1.8711
20220927,中债国债收益率曲线,10.0,2.7051
20220926,中债国债收益率曲线,1.0,1.8608
20220926,中债国债收益率曲线,10.0,2.7154
20220923,中债国债收益率曲线,1.0,1.8280
20220923,中债国债收益率曲线,10.0,2.6802
20220922,中债国债收益率曲线,1.0,1.8232
20220922,中债国债收益率曲线,10.0,2.6501
20220921,中债国债收益率曲线,1.0,1.8282
20220921,中债国债收益率曲线,10.0,2.6451
20220920,中债国债收益率曲线,1.0,1.8483
20220920,中债国债收益率曲线,10.0,2.6640
20220919,中债国债收益率曲线,1.0,1.8506
20220919,中债国债收益率曲线,10.0,2.6750
20220916,中债国债收益率曲线,1.0,1.8298
20220916,中债国债收益率曲线,10.0,2.6730
20220915,中债国债收益率曲线,1.0,1.8058
20220915,中债国债收益率曲线,10.0,2.6625
20220914,中债国债收益率曲线,1.0,1.8015
20220914,中债国债收益率曲线,10.0,2.6625
20220913,中债国债收益率曲线,1.0,1.7697
20220913,中债国债收益率曲线,10.0,2.6427
20220909,中债国债收益率曲线,1.0,1.7597
20220909,中债国债收益率曲线,10.0,2.6350
20220908,中债国债收益率曲线,1.0,1.7490
20220908,中债国债收益率曲线,10.0,2.6256
20220907,中债国债收益率曲线,1.0,1.7365
20220907,中债国债收益率曲线,10.0,2.6215
20220906,中债国债收益率曲线,1.0,1.7127
20220906,中债国债收益率曲线,10.0,2.6140
20220905,中债国债收益率曲线,1.0,1.7132
20220905,中债国债收益率曲线,10.0,2.6180
20220902,中债国债收益率曲线,1.0,1.7193
20220902,中债国债收益率曲线,10.0,2.6226
20220901,中债国债收益率曲线,1.0,1.7243
20220901,中债国债收益率曲线,10.0,2.6125
20220831,中债国债收益率曲线,1.0,1.7378
20220831,中债国债收益率曲线,10.0,2.6225
20220830,中债国债收益率曲线,1.0,1.7406
20220830,中债国债收益率曲线,10.0,2.6130
20220829,中债国债收益率曲线,1.0,1.7561
20220829,中债国债收益率曲线,10.0,2.6225
20220826,中债国债收益率曲线,1.0,1.7922
20220826,中债国债收益率曲线,10.0,2.6430
20220825,中债国债收益率曲线,1.0,1.7912
20220825,中债国债收益率曲线,10.0,2.6390
20220824,中债国债收益率曲线,1.0,1.7496
20220824,中债国债收益率曲线,10.0,2.6100
20220823,中债国债收益率曲线,1.0,1.7571
20220823,中债国债收益率曲线,10.0,2.6075
20220822,中债国债收益率曲线,1.0,1.7570
20220822,中债国债收益率曲线,10.0,2.5925
20220819,中债国债收益率曲线,1.0,1.7248
20220819,中债国债收益率曲线,10.0,2.5875
20220818,中债国债收益率曲线,1.0,1.7004
20220818,中债国债收益率曲线,10.0,2.5800
20220817,中债国债收益率曲线,1.0,1.7190
20220817,中债国债收益率曲线,10.0,2.6124
20220816,中债国债收益率曲线,1.0,1.7199
20220816,中债国债收益率曲线,10.0,2.6346
20220815,中债国债收益率曲线,1.0,1.7167
20220815,中债国债收益率曲线,10.0,2.6582
20220812,中债国债收益率曲线,1.0,1.8115
20220812,中债国债收益率曲线,10.0,2.7347
20220811,中债国债收益率曲线,1.0,1.8161
20220811,中债国债收益率曲线,10.0,2.7317
20220810,中债国债收益率曲线,1.0,1.8136
20220810,中债国债收益率曲线,10.0,2.7366
20220809,中债国债收益率曲线,1.0,1.7886
20220809,中债国债收益率曲线,10.0,2.7400
20220808,中债国债收益率曲线,1.0,1.7316
20220808,中债国债收益率曲线,10.0,2.7409
20220805,中债国债收益率曲线,1.0,1.7116
20220805,中债国债收益率曲线,10.0,2.7339
20220804,中债国债收益率曲线,1.0,1.6907
20220804,中债国债收益率曲线,10.0,2.7192
20220803,中债国债收益率曲线,1.0,1.7528
20220803,中债国债收益率曲线,10.0,2.7218
20220802,中债国债收益率曲线,1.0,1.7705
20220802,中债国债收益率曲线,10.0,2.7314
20220801,中债国债收益率曲线,1.0,1.8269
20220801,中债国债收益率曲线,10.0,2.7292
20220729,中债国债收益率曲线,1.0,1.8623
20220729,中债国债收益率曲线,10.0,2.7560
20220728,中债国债收益率曲线,1.0,1.8905
20220728,中债国债收益率曲线,10.0,2.7850
20220727,中债国债收益率曲线,1.0,1.8772
20220727,中债国债收益率曲线,10.0,2.7701
20220726,中债国债收益率曲线,1.0,1.8810
20220726,中债国债收益率曲线,10.0,2.7700
20220725,中债国债收益率曲线,1.0,1.9007
20220725,中债国债收益率曲线,10.0,2.7790
20220722,中债国债收益率曲线,1.0,1.9036
20220722,中债国债收益率曲线,10.0,2.7870
20220721,中债国债收益率曲线,1.0,1.8717
20220721,中债国债收益率曲线,10.0,2.7635
20220720,中债国债收益率曲线,1.0,1.8712
20220720,中债国债收益率曲线,10.0,2.7710
20220719,中债国债收益率曲线,1.0,1.8491
20220719,中债国债收益率曲线,10.0,2.7859
20220718,中债国债收益率曲线,1.0,1.8488
20220718,中债国债收益率曲线,10.0,2.7837
20220715,中债国债收益率曲线,1.0,1.8837
20220715,中债国债收益率曲线,10.0,2.7857
20220714,中债国债收益率曲线,1.0,1.9147
20220714,中债国债收益率曲线,10.0,2.7907
20220713,中债国债收益率曲线,1.0,1.9376
20220713,中债国债收益率曲线,10.0,2.8067
20220712,中债国债收益率曲线,1.0,1.9345
20220712,中债国债收益率曲线,10.0,2.8117
20220711,中债国债收益率曲线,1.0,1.9417
20220711,中债国债收益率曲线,10.0,2.8266
20220708,中债国债收益率曲线,1.0,1.9584
20220708,中债国债收益率曲线,10.0,2.8384
20220707,中债国债收益率曲线,1.0,1.9824
20220707,中债国债收益率曲线,10.0,2.8356
20220706,中债国债收益率曲线,1.0,1.9911
20220706,中债国债收益率曲线,10.0,2.8356
20220705,中债国债收益率曲线,1.0,2.0100
20220705,中债国债收益率曲线,10.0,2.8333
20220704,中债国债收益率曲线,1.0,1.9831
20220704,中债国债收益率曲线,10.0,2.8445
20220701,中债国债收益率曲线,1.0,1.9324
20220701,中债国债收益率曲线,10.0,2.8255
20220630,中债国债收益率曲线,1.0,1.9504
20220630,中债国债收益率曲线,10.0,2.8205
20220629,中债国债收益率曲线,1.0,1.9763
20220629,中债国债收益率曲线,10.0,2.8294
20220628,中债国债收益率曲线,1.0,1.9976
20220628,中债国债收益率曲线,10.0,2.8414
20220627,中债国债收益率曲线,1.0,1.9971
20220627,中债国债收益率曲线,10.0,2.8329
20220624,中债国债收益率曲线,1.0,1.9653
20220624,中债国债收益率曲线,10.0,2.7978
20220623,中债国债收益率曲线,1.0,1.9608
20220623,中债国债收益率曲线,10.0,2.7803
20220622,中债国债收益率曲线,1.0,1.9869
20220622,中债国债收益率曲线,10.0,2.7773
20220621,中债国债收益率曲线,1.0,2.0018
20220621,中债国债收益率曲线,10.0,2.7853
20220620,中债国债收益率曲线,1.0,2.0056
20220620,中债国债收益率曲线,10.0,2.7853
20220617,中债国债收益率曲线,1.0,2.0102
20220617,中债国债收益率曲线,10.0,2.7752
20220616,中债国债收益率曲线,1.0,2.0352
20220616,中债国债收益率曲线,10.0,2.7728
20220615,中债国债收益率曲线,1.0,2.0360
20220615,中债国债收益率曲线,10.0,2.7827
20220614,中债国债收益率曲线,1.0,2.0176
20220614,中债国债收益率曲线,10.0,2.7702
20220613,中债国债收益率曲线,1.0,2.0026
20220613,中债国债收益率曲线,10.0,2.7652
20220610,中债国债收益率曲线,1.0,2.0051
20220610,中债国债收益率曲线,10.0,2.7526
20220609,中债国债收益率曲线,1.0,2.0151
20220609,中债国债收益率曲线,10.0,2.7576
20220608,中债国债收益率曲线,1.0,2.0282
20220608,中债国债收益率曲线,10.0,2.7661
20220607,中债国债收益率曲线,1.0,2.0180
20220607,中债国债收益率曲线,10.0,2.7576
20220606,中债国债收益率曲线,1.0,2.0199
20220606,中债国债收益率曲线,10.0,2.7776
20220602,中债国债收益率曲线,1.0,1.9564
20220602,中债国债收益率曲线,10.0,2.7601
20220601,中债国债收益率曲线,1.0,1.9415
20220601,中债国债收益率曲线,10.0,2.7551
20220531,中债国债收益率曲线,1.0,1.9160
20220531,中债国债收益率曲线,10.0,2.7426
20220530,中债国债收益率曲线,1.0,1.9141
20220530,中债国债收益率曲线,10.0,2.7225
20220527,中债国债收益率曲线,1.0,1.9133
20220527,中债国债收益率曲线,10.0,2.6974
20220526,中债国债收益率曲线,1.0,1.9246
20220526,中债国债收益率曲线,10.0,2.7100
20220525,中债国债收益率曲线,1.0,1.9773
20220525,中债国债收益率曲线,10.0,2.7575
20220524,中债国债收益率曲线,1.0,1.9677
20220524,中债国债收益率曲线,10.0,2.7650
20220523,中债国债收益率曲线,1.0,1.9568
20220523,中债国债收益率曲线,10.0,2.7675
20220520,中债国债收益率曲线,1.0,1.9565
20220520,中债国债收益率曲线,10.0,2.7900
20220519,中债国债收益率曲线,1.0,1.9421
20220519,中债国债收益率曲线,10.0,2.7774
20220518,中债国债收益率曲线,1.0,1.9275
20220518,中债国债收益率曲线,10.0,2.7801
20220517,中债国债收益率曲线,1.0,1.9474
20220517,中债国债收益率曲线,10.0,2.8178
20220516,中债国债收益率曲线,1.0,1.9970
20220516,中债国债收益率曲线,10.0,2.8216
20220513,中债国债收益率曲线,1.0,2.0125
20220513,中债国债收益率曲线,10.0,2.8140
20220512,中债国债收益率曲线,1.0,2.0261
20220512,中债国债收益率曲线,10.0,2.8055
20220511,中债国债收益率曲线,1.0,2.0510
20220511,中债国债收益率曲线,10.0,2.8240
20220510,中债国债收益率曲线,1.0,2.0306
20220510,中债国债收益率曲线,10.0,2.8089
20220509,中债国债收益率曲线,1.0,2.0373
20220509,中债国债收益率曲线,10.0,2.8154
20220507,中债国债收益率曲线,1.0,2.0423
20220507,中债国债收益率曲线,10.0,2.8263
20220506,中债国债收益率曲线,1.0,2.0454
20220506,中债国债收益率曲线,10.0,2.8273
20220505,中债国债收益率曲线,1.0,2.0367
20220505,中债国债收益率曲线,10.0,2.8282
20220429,中债国债收益率曲线,1.0,2.0320
20220429,中债国债收益率曲线,10.0,2.8386
20220428,中债国债收益率曲线,1.0,2.0563
20220428,中债国债收益率曲线,10.0,2.8486
20220427,中债国债收益率曲线,1.0,2.0410
20220427,中债国债收益率曲线,10.0,2.8411
20220426,中债国债收益率曲线,1.0,1.9633
20220426,中债国债收益率曲线,10.0,2.8260
20220425,中债国债收益率曲线,1.0,1.9282
20220425,中债国债收益率曲线,10.0,2.8160
20220424,中债国债收益率曲线,1.0,1.9523
20220424,中债国债收益率曲线,10.0,2.8335
20220422,中债国债收益率曲线,1.0,1.9542
20220422,中债国债收益率曲线,10.0,2.8409
20220421,中债国债收益率曲线,1.0,1.9825
20220421,中债国债收益率曲线,10.0,2.8259
20220420,中债国债收益率曲线,1.0,2.0136
20220420,中债国债收益率曲线,10.0,2.8330
20220419,中债国债收益率曲线,1.0,2.0184
20220419,中债国债收益率曲线,10.0,2.8208
20220418,中债国债收益率曲线,1.0,2.0143
20220418,中债国债收益率曲线,10.0,2.8107
20220415,中债国债收益率曲线,1.0,1.9918
20220415,中债国债收益率曲线,10.0,2.7578
20220414,中债国债收益率曲线,1.0,2.0264
20220414,中债国债收益率曲线,10.0,2.7656
20220413,中债国债收益率曲线,1.0,2.0521
20220413,中债国债收益率曲线,10.0,2.7631
20220412,中债国债收益率曲线,1.0,2.0729
20220412,中债国债收益率曲线,10.0,2.7705
20220411,中债国债收益率曲线,1.0,2.0757
20220411,中债国债收益率曲线,10.0,2.7680
20220408,中债国债收益率曲线,1.0,2.0669
20220408,中债国债收益率曲线,10.0,2.7529
20220407,中债国债收益率曲线,1.0,2.0600
20220407,中债国债收益率曲线,10.0,2.7394
20220406,中债国债收益率曲线,1.0,2.0832
20220406,中债国债收益率曲线,10.0,2.7604
20220402,中债国债收益率曲线,1.0,2.1006
20220402,中债国债收益率曲线,10.0,2.7714
20220401,中债国债收益率曲线,1.0,2.1052
20220401,中债国债收益率曲线,10.0,2.7743
20220331,中债国债收益率曲线,1.0,2.1299
20220331,中债国债收益率曲线,10.0,2.7878
20220330,中债国债收益率曲线,1.0,2.1545
20220330,中债国债收益率曲线,10.0,2.7703
20220329,中债国债收益率曲线,1.0,2.1582
20220329,中债国债收益率曲线,10.0,2.7853
20220328,中债国债收益率曲线,1.0,2.1595
20220328,中债国债收益率曲线,10.0,2.7903
20220325,中债国债收益率曲线,1.0,2.1632
20220325,中债国债收益率曲线,10.0,2.7972
20220324,中债国债收益率曲线,1.0,2.1704
20220324,中债国债收益率曲线,10.0,2.8052
20220323,中债国债收益率曲线,1.0,2.1680
20220323,中债国债收益率曲线,10.0,2.8302
20220322,中债国债收益率曲线,1.0,2.1649
20220322,中债国债收益率曲线,10.0,2.8302
20220321,中债国债收益率曲线,1.0,2.1500
20220321,中债国债收益率曲线,10.0,2.8127
20220318,中债国债收益率曲线,1.0,2.1106
20220318,中债国债收益率曲线,10.0,2.7927
20220317,中债国债收益率曲线,1.0,2.1368
20220317,中债国债收益率曲线,10.0,2.7876
20220316,中债国债收益率曲线,1.0,2.1431
20220316,中债国债收益率曲线,10.0,2.7952
20220315,中债国债收益率曲线,1.0,2.1275
20220315,中债国债收益率曲线,10.0,2.8177
20220314,中债国债收益率曲线,1.0,2.0725
20220314,中债国债收益率曲线,10.0,2.7677
20220311,中债国债收益率曲线,1.0,2.0863
20220311,中债国债收益率曲线,10.0,2.7902
20220310,中债国债收益率曲线,1.0,2.1150
20220310,中债国债收益率曲线,10.0,2.8502
20220309,中债国债收益率曲线,1.0,2.1150
20220309,中债国债收益率曲线,10.0,2.8426
20220308,中债国债收益率曲线,1.0,2.0687
20220308,中债国债收益率曲线,10.0,2.8276
20220307,中债国债收益率曲线,1.0,2.0849
20220307,中债国债收益率曲线,10.0,2.8126
20220304,中债国债收益率曲线,1.0,2.1074
20220304,中债国债收益率曲线,10.0,2.8125
20220303,中债国债收益率曲线,1.0,2.1167
20220303,中债国债收益率曲线,10.0,2.8300
20220302,中债国债收益率曲线,1.0,2.0867
20220302,中债国债收益率曲线,10.0,2.8175
20220301,中债国债收益率曲线,1.0,2.0537
20220301,中债国债收益率曲线,10.0,2.8025
20220228,中债国债收益率曲线,1.0,2.0442
20220228,中债国债收益率曲线,10.0,2.7750
20220225,中债国债收益率曲线,1.0,2.0242
20220225,中债国债收益率曲线,10.0,2.7750
20220224,中债国债收益率曲线,1.0,2.0948
20220224,中债国债收益率曲线,10.0,2.7875
20220223,中债国债收益率曲线,1.0,2.0935
20220223,中债国债收益率曲线,10.0,2.7900
20220222,中债国债收益率曲线,1.0,2.1162
20220222,中债国债收益率曲线,10.0,2.8200
20220221,中债国债收益率曲线,1.0,2.0326
20220221,中债国债收益率曲线,10.0,2.8300
20220218,中债国债收益率曲线,1.0,1.9781
20220218,中债国债收益率曲线,10.0,2.7975
20220217,中债国债收益率曲线,1.0,1.9095
20220217,中债国债收益率曲线,10.0,2.7799
20220216,中债国债收益率曲线,1.0,1.9279
20220216,中债国债收益率曲线,10.0,2.7892
20220215,中债国债收益率曲线,1.0,1.8847
20220215,中债国债收益率曲线,10.0,2.7968
20220214,中债国债收益率曲线,1.0,1.9017
20220214,中债国债收益率曲线,10.0,2.8018
20220211,中债国债收益率曲线,1.0,1.9192
20220211,中债国债收益率曲线,10.0,2.7891
20220210,中债国债收益率曲线,1.0,1.8837
20220210,中债国债收益率曲线,10.0,2.7328
20220209,中债国债收益率曲线,1.0,1.9001
20220209,中债国债收益率曲线,10.0,2.7328
20220208,中债国债收益率曲线,1.0,1.9049
20220208,中债国债收益率曲线,10.0,2.7227
20220207,中债国债收益率曲线,1.0,1.9472
20220207,中债国债收益率曲线,10.0,2.7256
20220130,中债国债收益率曲线,1.0,1.9514
20220130,中债国债收益率曲线,10.0,2.6997
20220129,中债国债收益率曲线,1.0,1.9512
20220129,中债国债收益率曲线,10.0,2.7013
20220128,中债国债收益率曲线,1.0,1.9507
20220128,中债国债收益率曲线,10.0,2.7021
20220127,中债国债收益率曲线,1.0,1.9936
20220127,中债国债收益率曲线,10.0,2.7348
20220126,中债国债收益率曲线,1.0,1.9807
20220126,中债国债收益率曲线,10.0,2.7146
20220125,中债国债收益率曲线,1.0,1.9656
20220125,中债国债收益率曲线,10.0,2.6979
20220124,中债国债收益率曲线,1.0,1.9502
20220124,中债国债收益率曲线,10.0,2.6751
20220121,中债国债收益率曲线,1.0,2.0018
20220121,中债国债收益率曲线,10.0,2.7100
20220120,中债国债收益率曲线,1.0,2.0204
20220120,中债国债收益率曲线,10.0,2.7271
20220119,中债国债收益率曲线,1.0,2.0401
20220119,中债国债收益率曲线,10.0,2.7314
20220118,中债国债收益率曲线,1.0,2.0501
20220118,中债国债收益率曲线,10.0,2.7415
20220117,中债国债收益率曲线,1.0,2.1566
20220117,中债国债收益率曲线,10.0,2.7860
20220114,中债国债收益率曲线,1.0,2.1721
20220114,中债国债收益率曲线,10.0,2.7935
20220113,中债国债收益率曲线,1.0,2.1812
20220113,中债国债收益率曲线,10.0,2.7858
20220112,中债国债收益率曲线,1.0,2.1898
20220112,中债国债收益率曲线,10.0,2.7957
20220111,中债国债收益率曲线,1.0,2.1957
20220111,中债国债收益率曲线,10.0,2.7957
20220110,中债国债收益率曲线,1.0,2.2143
20220110,中债国债收益率曲线,10.0,2.8056
20220107,中债国债收益率曲线,1.0,2.2295
20220107,中债国债收益率曲线,10.0,2.8181
20220106,中债国债收益率曲线,1.0,2.2303
20220106,中债国债收益率曲线,10.0,2.8205
20220105,中债国债收益率曲线,1.0,2.2284
20220105,中债国债收益率曲线,10.0,2.8045
20220104,中债国债收益率曲线,1.0,2.2529
20220104,中债国债收益率曲线,10.0,2.7855
20211231,中债国债收益率曲线,1.0,2.2429
20211231,中债国债收益率曲线,10.0,2.7754
20211230,中债国债收益率曲线,1.0,2.2936
20211230,中债国债收益率曲线,10.0,2.7654
20211229,中债国债收益率曲线,1.0,2.3353
20211229,中债国债收益率曲线,10.0,2.7854
20211228,中债国债收益率曲线,1.0,2.3444
20211228,中债国债收益率曲线,10.0,2.8004
20211227,中债国债收益率曲线,1.0,2.3541
20211227,中债国债收益率曲线,10.0,2.8128
20211224,中债国债收益率曲线,1.0,2.3386
20211224,中债国债收益率曲线,10.0,2.8203
20211223,中债国债收益率曲线,1.0,2.3336
20211223,中债国债收益率曲线,10.0,2.8143
20211222,中债国债收益率曲线,1.0,2.3657
20211222,中债国债收益率曲线,10.0,2.8303
20211221,中债国债收益率曲线,1.0,2.3828
20211221,中债国债收益率曲线,10.0,2.8508
20211220,中债国债收益率曲线,1.0,2.3572
20211220,中债国债收益率曲线,10.0,2.8533
20211217,中债国债收益率曲线,1.0,2.3209
20211217,中债国债收益率曲线,10.0,2.8512
20211216,中债国债收益率曲线,1.0,2.3108
20211216,中债国债收益率曲线,10.0,2.8577
20211215,中债国债收益率曲线,1.0,2.3101
20211215,中债国债收益率曲线,10.0,2.8502
20211214,中债国债收益率曲线,1.0,2.2980
20211214,中债国债收益率曲线,10.0,2.8477
20211213,中债国债收益率曲线,1.0,2.3015
20211213,中债国债收益率曲线,10.0,2.8552
20211210,中债国债收益率曲线,1.0,2.2767
20211210,中债国债收益率曲线,10.0,2.8426
20211209,中债国债收益率曲线,1.0,2.2767
20211209,中债国债收益率曲线,10.0,2.8526
20211208,中债国债收益率曲线,1.0,2.2658
20211208,中债国债收益率曲线,10.0,2.8551
20211207,中债国债收益率曲线,1.0,2.2510
20211207,中债国债收益率曲线,10.0,2.8451
20211206,中债国债收益率曲线,1.0,2.2452
20211206,中债国债收益率曲线,10.0,2.8176
20211203,中债国债收益率曲线,1.0,2.2550
20211203,中债国债收益率曲线,10.0,2.8701
20211202,中债国债收益率曲线,1.0,2.2446
20211202,中债国债收益率曲线,10.0,2.8601
20211201,中债国债收益率曲线,1.0,2.2443
20211201,中债国债收益率曲线,10.0,2.8401
20211130,中债国债收益率曲线,1.0,2.2463
20211130,中债国债收益率曲线,10.0,2.8250
20211129,中债国债收益率曲线,1.0,2.2460
20211129,中债国债收益率曲线,10.0,2.8250
20211126,中债国债收益率曲线,1.0,2.2427
20211126,中债国债收益率曲线,10.0,2.8200
20211125,中债国债收益率曲线,1.0,2.2477
20211125,中债国债收益率曲线,10.0,2.8550
20211124,中债国债收益率曲线,1.0,2.2426
20211124,中债国债收益率曲线,10.0,2.8600
20211123,中债国债收益率曲线,1.0,2.2500
20211123,中债国债收益率曲线,10.0,2.8875
20211122,中债国债收益率曲线,1.0,2.2523
20211122,中债国债收益率曲线,10.0,2.8876
20211119,中债国债收益率曲线,1.0,2.2618
20211119,中债国债收益率曲线,10.0,2.9302
20211118,中债国债收益率曲线,1.0,2.2716
20211118,中债国债收益率曲线,10.0,2.9146
20211117,中债国债收益率曲线,1.0,2.2814
20211117,中债国债收益率曲线,10.0,2.9295
20211116,中债国债收益率曲线,1.0,2.2688
20211116,中债国债收益率曲线,10.0,2.9244
20211115,中债国债收益率曲线,1.0,2.2737
20211115,中债国债收益率曲线,10.0,2.9269
20211112,中债国债收益率曲线,1.0,2.2759
20211112,中债国债收益率曲线,10.0,2.9391
20211111,中债国债收益率曲线,1.0,2.2907
20211111,中债国债收益率曲线,10.0,2.9365
20211110,中债国债收益率曲线,1.0,2.2906
20211110,中债国债收益率曲线,10.0,2.9139
20211109,中债国债收益率曲线,1.0,2.2905
20211109,中债国债收益率曲线,10.0,2.8988
20211108,中债国债收益率曲线,1.0,2.2804
20211108,中债国债收益率曲线,10.0,2.9013
20211105,中债国债收益率曲线,1.0,2.2852
20211105,中债国债收益率曲线,10.0,2.8911
20211104,中债国债收益率曲线,1.0,2.3002
20211104,中债国债收益率曲线,10.0,2.9261
20211103,中债国债收益率曲线,1.0,2.3001
20211103,中债国债收益率曲线,10.0,2.9385
20211102,中债国债收益率曲线,1.0,2.3051
20211102,中债国债收益率曲线,10.0,2.9259
20211101,中债国债收益率曲线,1.0,2.3151
20211101,中债国债收益率曲线,10.0,2.9435
20211029,中债国债收益率曲线,1.0,2.3100
20211029,中债国债收益率曲线,10.0,2.9732
20211028,中债国债收益率曲线,1.0,2.3375
20211028,中债国债收益率曲线,10.0,2.9682
20211027,中债国债收益率曲线,1.0,2.3375
20211027,中债国债收益率曲线,10.0,2.9781
20211026,中债国债收益率曲线,1.0,2.3425
20211026,中债国债收益率曲线,10.0,2.9780
20211025,中债国债收益率曲线,1.0,2.3438
20211025,中债国债收益率曲线,10.0,2.9879
20211022,中债国债收益率曲线,1.0,2.3475
20211022,中债国债收益率曲线,10.0,2.9953
20211021,中债国债收益率曲线,1.0,2.3574
20211021,中债国债收益率曲线,10.0,2.9702
20211020,中债国债收益率曲线,1.0,2.3819
20211020,中债国债收益率曲线,10.0,2.9978
20211019,中债国债收益率曲线,1.0,2.3771
20211019,中债国债收益率曲线,10.0,3.0102
20211018,中债国债收益率曲线,1.0,2.3727
20211018,中债国债收益率曲线,10.0,3.0426
20211015,中债国债收益率曲线,1.0,2.3361
20211015,中债国债收益率曲线,10.0,2.9683
20211014,中债国债收益率曲线,1.0,2.3325
20211014,中债国债收益率曲线,10.0,2.9581
20211013,中债国债收益率曲线,1.0,2.3401
20211013,中债国债收益率曲线,10.0,2.9578
20211012,中债国债收益率曲线,1.0,2.3467
20211012,中债国债收益率曲线,10.0,2.9657
20211011,中债国债收益率曲线,1.0,2.3490
20211011,中债国债收益率曲线,10.0,2.9580
20211009,中债国债收益率曲线,1.0,2.3252
20211009,中债国债收益率曲线,10.0,2.9186
20211008,中债国债收益率曲线,1.0,2.3440
20211008,中债国债收益率曲线,10.0,2.9131
20210930,中债国债收益率曲线,1.0,2.3327
20210930,中债国债收益率曲线,10.0,2.8776
20210929,中债国债收益率曲线,1.0,2.3571
20210929,中债国债收益率曲线,10.0,2.8646
20210928,中债国债收益率曲线,1.0,2.3741
20210928,中债国债收益率曲线,10.0,2.8769
20210927,中债国债收益率曲线,1.0,2.3997
20210927,中债国债收益率曲线,10.0,2.8825
20210926,中债国债收益率曲线,1.0,2.3686
20210926,中债国债收益率曲线,10.0,2.8797
20210924,中债国债收益率曲线,1.0,2.3828
20210924,中债国债收益率曲线,10.0,2.8719
20210923,中债国债收益率曲线,1.0,2.3385
20210923,中债国债收益率曲线,10.0,2.8565
20210922,中债国债收益率曲线,1.0,2.3325
20210922,中债国债收益率曲线,10.0,2.8639
20210918,中债国债收益率曲线,1.0,2.3912
20210918,中债国债收益率曲线,10.0,2.8717
20210917,中债国债收益率曲线,1.0,2.3978
20210917,中债国债收益率曲线,10.0,2.8785
20210916,中债国债收益率曲线,1.0,2.4025
20210916,中债国债收益率曲线,10.0,2.8885
20210915,中债国债收益率曲线,1.0,2.4028
20210915,中债国债收益率曲线,10.0,2.9009
20210914,中债国债收益率曲线,1.0,2.4040
20210914,中债国债收益率曲线,10.0,2.8858
20210913,中债国债收益率曲线,1.0,2.3822
20210913,中债国债收益率曲线,10.0,2.8908
20210910,中债国债收益率曲线,1.0,2.3666
20210910,中债国债收益率曲线,10.0,2.8656
20210909,中债国债收益率曲线,1.0,2.3531
20210909,中债国债收益率曲线,10.0,2.8730
20210908,中债国债收益率曲线,1.0,2.3246
20210908,中债国债收益率曲线,10.0,2.8705
20210907,中债国债收益率曲线,1.0,2.3146
20210907,中债国债收益率曲线,10.0,2.8604
20210906,中债国债收益率曲线,1.0,2.3096
20210906,中债国债收益率曲线,10.0,2.8354
20210903,中债国债收益率曲线,1.0,2.3122
20210903,中债国债收益率曲线,10.0,2.8327
20210902,中债国债收益率曲线,1.0,2.2993
20210902,中债国债收益率曲线,10.0,2.8301
20210901,中债国债收益率曲线,1.0,2.2911
20210901,中债国债收益率曲线,10.0,2.8226
20210831,中债国债收益率曲线,1.0,2.3105
20210831,中债国债收益率曲线,10.0,2.8450
20210830,中债国债收益率曲线,1.0,2.3125
20210830,中债国债收益率曲线,10.0,2.8505
20210827,中债国债收益率曲线,1.0,2.3235
20210827,中债国债收益率曲线,10.0,2.8698
20210826,中债国债收益率曲线,1.0,2.3247
20210826,中债国债收益率曲线,10.0,2.8848
20210825,中债国债收益率曲线,1.0,2.2995
20210825,中债国债收益率曲线,10.0,2.8547
20210824,中债国债收益率曲线,1.0,2.2947
20210824,中债国债收益率曲线,10.0,2.8522
20210823,中债国债收益率曲线,1.0,2.3024
20210823,中债国债收益率曲线,10.0,2.8672
20210820,中债国债收益率曲线,1.0,2.2682
20210820,中债国债收益率曲线,10.0,2.8520
20210819,中债国债收益率曲线,1.0,2.2380
20210819,中债国债收益率曲线,10.0,2.8395
20210818,中债国债收益率曲线,1.0,2.2252
20210818,中债国债收益率曲线,10.0,2.8494
20210817,中债国债收益率曲线,1.0,2.2164
20210817,中债国债收益率曲线,10.0,2.8819
20210816,中债国债收益率曲线,1.0,2.2233
20210816,中债国债收益率曲线,10.0,2.8943
20210813,中债国债收益率曲线,1.0,2.2209
20210813,中债国债收益率曲线,10.0,2.8792
20210812,中债国债收益率曲线,1.0,2.1935
20210812,中债国债收益率曲线,10.0,2.8566
20210811,中债国债收益率曲线,1.0,2.1940
20210811,中债国债收益率曲线,10.0,2.8841
20210810,中债国债收益率曲线,1.0,2.1843
20210810,中债国债收益率曲线,10.0,2.8766
20210809,中债国债收益率曲线,1.0,2.2054
20210809,中债国债收益率曲线,10.0,2.8615
20210806,中债国债收益率曲线,1.0,2.1514
20210806,中债国债收益率曲线,10.0,2.8139
20210805,中债国债收益率曲线,1.0,2.1494
20210805,中债国债收益率曲线,10.0,2.7988
20210804,中债国债收益率曲线,1.0,2.1448
20210804,中债国债收益率曲线,10.0,2.8338
20210803,中债国债收益率曲线,1.0,2.1272
20210803,中债国债收益率曲线,10.0,2.8337
20210802,中债国债收益率曲线,1.0,2.1281
20210802,中债国债收益率曲线,10.0,2.8212
20210730,中债国债收益率曲线,1.0,2.1346
20210730,中债国债收益率曲线,10.0,2.8363
20210729,中债国债收益率曲线,1.0,2.1621
20210729,中债国债收益率曲线,10.0,2.8840
20210728,中债国债收益率曲线,1.0,2.2135
20210728,中债国债收益率曲线,10.0,2.9312
20210727,中债国债收益率曲线,1.0,2.2109
20210727,中债国债收益率曲线,10.0,2.9110
20210726,中债国债收益率曲线,1.0,2.1337
20210726,中债国债收益率曲线,10.0,2.8711
20210723,中债国债收益率曲线,1.0,2.1119
20210723,中债国债收益率曲线,10.0,2.9134
20210722,中债国债收益率曲线,1.0,2.1551
20210722,中债国债收益率曲线,10.0,2.9284
20210721,中债国债收益率曲线,1.0,2.1833
20210721,中债国债收益率曲线,10.0,2.9184
20210720,中债国债收益率曲线,1.0,2.2143
20210720,中债国债收益率曲线,10.0,2.9258
20210719,中债国债收益率曲线,1.0,2.2629
20210719,中债国债收益率曲线,10.0,2.9483
20210716,中债国债收益率曲线,1.0,2.2719
20210716,中债国债收益率曲线,10.0,2.9432
20210715,中债国债收益率曲线,1.0,2.2927
20210715,中债国债收益率曲线,10.0,2.9557
20210714,中债国债收益率曲线,1.0,2.2782
20210714,中债国债收益率曲线,10.0,2.9356
20210713,中债国债收益率曲线,1.0,2.2958
20210713,中债国债收益率曲线,10.0,2.9256
20210712,中债国债收益率曲线,1.0,2.3175
20210712,中债国债收益率曲线,10.0,2.9431
20210709,中债国债收益率曲线,1.0,2.3474
20210709,中债国债收益率曲线,10.0,3.0105
20210708,中债国债收益率曲线,1.0,2.3223
20210708,中债国债收益率曲线,10.0,2.9830
20210707,中债国债收益率曲线,1.0,2.4010
20210707,中债国债收益率曲线,10.0,3.0554
20210706,中债国债收益率曲线,1.0,2.4092
20210706,中债国债收益率曲线,10.0,3.0854
20210705,中债国债收益率曲线,1.0,2.4136
20210705,中债国债收益率曲线,10.0,3.0754
20210702,中债国债收益率曲线,1.0,2.3994
20210702,中债国债收益率曲线,10.0,3.0803
20210701,中债国债收益率曲线,1.0,2.4189
20210701,中债国债收益率曲线,10.0,3.0878
20210630,中债国债收益率曲线,1.0,2.4293
20210630,中债国债收益率曲线,10.0,3.0778
20210629,中债国债收益率曲线,1.0,2.4564
20210629,中债国债收益率曲线,10.0,3.0853
20210628,中债国债收益率曲线,1.0,2.4705
20210628,中债国债收益率曲线,10.0,3.0903
20210625,中债国债收益率曲线,1.0,2.4437
20210625,中债国债收益率曲线,10.0,3.0827
20210624,中债国债收益率曲线,1.0,2.4690
20210624,中债国债收益率曲线,10.0,3.0828
20210623,中债国债收益率曲线,1.0,2.5012
20210623,中债国债收益率曲线,10.0,3.0853
20210622,中债国债收益率曲线,1.0,2.5252
20210622,中债国债收益率曲线,10.0,3.0877
20210621,中债国债收益率曲线,1.0,2.5202
20210621,中债国债收益率曲线,10.0,3.0953
20210618,中债国债收益率曲线,1.0,2.5274
20210618,中债国债收益率曲线,10.0,3.1202
20210617,中债国债收益率曲线,1.0,2.5272
20210617,中债国债收益率曲线,10.0,3.1401
20210616,中债国债收益率曲线,1.0,2.4945
20210616,中债国债收益率曲线,10.0,3.1301
20210615,中债国债收益率曲线,1.0,2.4699
20210615,中债国债收益率曲线,10.0,3.1176
20210611,中债国债收益率曲线,1.0,2.4459
20210611,中债国债收益率曲线,10.0,3.1276
20210610,中债国债收益率曲线,1.0,2.4240
20210610,中债国债收益率曲线,10.0,3.1000
20210609,中债国债收益率曲线,1.0,2.4203
20210609,中债国债收益率曲线,10.0,3.1051
20210608,中债国债收益率曲线,1.0,2.4133
20210608,中债国债收益率曲线,10.0,3.1100
20210607,中债国债收益率曲线,1.0,2.4116
20210607,中债国债收益率曲线,10.0,3.1100
20210604,中债国债收益率曲线,1.0,2.3934
20210604,中债国债收益率曲线,10.0,3.0925
20210603,中债国债收益率曲线,1.0,2.3664
20210603,中债国债收益率曲线,10.0,3.0550
20210602,中债国债收益率曲线,1.0,2.3804
20210602,中债国债收益率曲线,10.0,3.0650
20210601,中债国债收益率曲线,1.0,2.3725
20210601,中债国债收益率曲线,10.0,3.0400
20210531,中债国债收益率曲线,1.0,2.4113
20210531,中债国债收益率曲线,10.0,3.0450
20210528,中债国债收益率曲线,1.0,2.4100
20210528,中债国债收益率曲线,10.0,3.0825
20210527,中债国债收益率曲线,1.0,2.3463
20210527,中债国债收益率曲线,10.0,3.0725
20210526,中债国债收益率曲线,1.0,2.3414
20210526,中债国债收益率曲线,10.0,3.0600
20210525,中债国债收益率曲线,1.0,2.3468
20210525,中债国债收益率曲线,10.0,3.0850
20210524,中债国债收益率曲线,1.0,2.3418
20210524,中债国债收益率曲线,10.0,3.0850
20210521,中债国债收益率曲线,1.0,2.3272
20210521,中债国债收益率曲线,10.0,3.0876
20210520,中债国债收益率曲线,1.0,2.3486
20210520,中债国债收益率曲线,10.0,3.1001
20210519,中债国债收益率曲线,1.0,2.3506
20210519,中债国债收益率曲线,10.0,3.1298
20210518,中债国债收益率曲线,1.0,2.3532
20210518,中债国债收益率曲线,10.0,3.1457
20210517,中债国债收益率曲线,1.0,2.3504
20210517,中债国债收益率曲线,10.0,3.1524
20210514,中债国债收益率曲线,1.0,2.3300
20210514,中债国债收益率曲线,10.0,3.1422
20210513,中债国债收益率曲线,1.0,2.3286
20210513,中债国债收益率曲线,10.0,3.1366
20210512,中债国债收益率曲线,1.0,2.2974
20210512,中债国债收益率曲线,10.0,3.1310
20210511,中债国债收益率曲线,1.0,2.3078
20210511,中债国债收益率曲线,10.0,3.1380
20210510,中债国债收益率曲线,1.0,2.3129
20210510,中债国债收益率曲线,10.0,3.1460
20210508,中债国债收益率曲线,1.0,2.3193
20210508,中债国债收益率曲线,10.0,3.1582
20210507,中债国债收益率曲线,1.0,2.3200
20210507,中债国债收益率曲线,10.0,3.1589
20210506,中债国债收益率曲线,1.0,2.3266
20210506,中债国债收益率曲线,10.0,3.1507
20210430,中债国债收益率曲线,1.0,2.3591
20210430,中债国债收益率曲线,10.0,3.1640
20210429,中债国债收益率曲线,1.0,2.3799
20210429,中债国债收益率曲线,10.0,3.1872
20210428,中债国债收益率曲线,1.0,2.3964
20210428,中债国债收益率曲线,10.0,3.1979
20210427,中债国债收益率曲线,1.0,2.4226
20210427,中债国债收益率曲线,10.0,3.2078
20210426,中债国债收益率曲线,1.0,2.4313
20210426,中债国债收益率曲线,10.0,3.2024
20210425,中债国债收益率曲线,1.0,2.3858
20210425,中债国债收益率曲线,10.0,3.1841
20210423,中债国债收益率曲线,1.0,2.3900
20210423,中债国债收益率曲线,10.0,3.1719
20210422,中债国债收益率曲线,1.0,2.4495
20210422,中债国债收益率曲线,10.0,3.1614
20210421,中债国债收益率曲线,1.0,2.4595
20210421,中债国债收益率曲线,10.0,3.1530
20210420,中债国债收益率曲线,1.0,2.4995
20210420,中债国债收益率曲线,10.0,3.1554
20210419,中债国债收益率曲线,1.0,2.5195
20210419,中债国债收益率曲线,10.0,3.1559
20210416,中债国债收益率曲线,1.0,2.5295
20210416,中债国债收益率曲线,10.0,3.1631
20210415,中债国债收益率曲线,1.0,2.5379
20210415,中债国债收益率曲线,10.0,3.1728
20210414,中债国债收益率曲线,1.0,2.5679
20210414,中债国债收益率曲线,10.0,3.1651
20210413,中债国债收益率曲线,1.0,2.5643
20210413,中债国债收益率曲线,10.0,3.1626
20210412,中债国债收益率曲线,1.0,2.5843
20210412,中债国债收益率曲线,10.0,3.1948
20210409,中债国债收益率曲线,1.0,2.5915
20210409,中债国债收益率曲线,10.0,3.2121
20210408,中债国债收益率曲线,1.0,2.6105
20210408,中债国债收益率曲线,10.0,3.2221
20210407,中债国债收益率曲线,1.0,2.6105
20210407,中债国债收益率曲线,10.0,3.2215
20210406,中债国债收益率曲线,1.0,2.5877
20210406,中债国债收益率曲线,10.0,3.2087
20210402,中债国债收益率曲线,1.0,2.5800
20210402,中债国债收益率曲线,10.0,3.2013
20210401,中债国债收益率曲线,1.0,2.5806
20210401,中债国债收益率曲线,10.0,3.1960
20210331,中债国债收益率曲线,1.0,2.5770
20210331,中债国债收益率曲线,10.0,3.1887
20210330,中债国债收益率曲线,1.0,2.5930
20210330,中债国债收益率曲线,10.0,3.2060
20210329,中债国债收益率曲线,1.0,2.6075
20210329,中债国债收益率曲线,10.0,3.1962
20210326,中债国债收益率曲线,1.0,2.6073
20210326,中债国债收益率曲线,10.0,3.1985
20210325,中债国债收益率曲线,1.0,2.5904
20210325,中债国债收益率曲线,10.0,3.1882
20210324,中债国债收益率曲线,1.0,2.6059
20210324,中债国债收益率曲线,10.0,3.1930
20210323,中债国债收益率曲线,1.0,2.6209
20210323,中债国债收益率曲线,10.0,3.2105
20210322,中债国债收益率曲线,1.0,2.6260
20210322,中债国债收益率曲线,10.0,3.2309
20210319,中债国债收益率曲线,1.0,2.6395
20210319,中债国债收益率曲线,10.0,3.2364
20210318,中债国债收益率曲线,1.0,2.6496
20210318,中债国债收益率曲线,10.0,3.2592
20210317,中债国债收益率曲线,1.0,2.6429
20210317,中债国债收益率曲线,10.0,3.2564
20210316,中债国债收益率曲线,1.0,2.6663
20210316,中债国债收益率曲线,10.0,3.2614
20210315,中债国债收益率曲线,1.0,2.6750
20210315,中债国债收益率曲线,10.0,3.2740
20210312,中债国债收益率曲线,1.0,2.6407
20210312,中债国债收益率曲线,10.0,3.2613
20210311,中债国债收益率曲线,1.0,2.6288
20210311,中债国债收益率曲线,10.0,3.2506
20210310,中债国债收益率曲线,1.0,2.6264
20210310,中债国债收益率曲线,10.0,3.2353
20210309,中债国债收益率曲线,1.0,2.6340
20210309,中债国债收益率曲线,10.0,3.2478
20210308,中债国债收益率曲线,1.0,2.6540
20210308,中债国债收益率曲线,10.0,3.2404
20210305,中债国债收益率曲线,1.0,2.6390
20210305,中债国债收益率曲线,10.0,3.2457
20210304,中债国债收益率曲线,1.0,2.6365
20210304,中债国债收益率曲线,10.0,3.2655
20210303,中债国债收益率曲线,1.0,2.6203
20210303,中债国债收益率曲线,10.0,3.2553
20210302,中债国债收益率曲线,1.0,2.6169
20210302,中债国债收益率曲线,10.0,3.2474
20210301,中债国债收益率曲线,1.0,2.6096
20210301,中债国债收益率曲线,10.0,3.2475
20210226,中债国债收益率曲线,1.0,2.6036
20210226,中债国债收益率曲线,10.0,3.2798
20210225,中债国债收益率曲线,1.0,2.5981
20210225,中债国债收益率曲线,10.0,3.2723
20210224,中债国债收益率曲线,1.0,2.5935
20210224,中债国债收益率曲线,10.0,3.2627
20210223,中债国债收益率曲线,1.0,2.6070
20210223,中债国债收益率曲线,10.0,3.2635
20210222,中债国债收益率曲线,1.0,2.6225
20210222,中债国债收益率曲线,10.0,3.2736
20210220,中债国债收益率曲线,1.0,2.6249
20210220,中债国债收益率曲线,10.0,3.2605
20210219,中债国债收益率曲线,1.0,2.6512
20210219,中债国债收益率曲线,10.0,3.2578
20210218,中债国债收益率曲线,1.0,2.6916
20210218,中债国债收益率曲线,10.0,3.2831
20210210,中债国债收益率曲线,1.0,2.6559
20210210,中债国债收益率曲线,10.0,3.2449
20210209,中债国债收益率曲线,1.0,2.6772
20210209,中债国债收益率曲线,10.0,3.2303
20210208,中债国债收益率曲线,1.0,2.6968
20210208,中债国债收益率曲线,10.0,3.2370
20210207,中债国债收益率曲线,1.0,2.6928
20210207,中债国债收益率曲线,10.0,3.2168
20210205,中债国债收益率曲线,1.0,2.7021
20210205,中债国债收益率曲线,10.0,3.2164
20210204,中债国债收益率曲线,1.0,2.7155
20210204,中债国债收益率曲线,10.0,3.2347
20210203,中债国债收益率曲线,1.0,2.6938
20210203,中债国债收益率曲线,10.0,3.2112
20210202,中债国债收益率曲线,1.0,2.6227
20210202,中债国债收益率曲线,10.0,3.1862
20210201,中债国债收益率曲线,1.0,2.6043
20210201,中债国债收益率曲线,10.0,3.1712
20210129,中债国债收益率曲线,1.0,2.6799
20210129,中债国债收益率曲线,10.0,3.1786
20210128,中债国债收益率曲线,1.0,2.6957
20210128,中债国债收益率曲线,10.0,3.1961
20210127,中债国债收益率曲线,1.0,2.5880
20210127,中债国债收益率曲线,10.0,3.1636
20210126,中债国债收益率曲线,1.0,2.5575
20210126,中债国债收益率曲线,10.0,3.1585
20210125,中债国债收益率曲线,1.0,2.4911
20210125,中债国债收益率曲线,10.0,3.1323
20210122,中债国债收益率曲线,1.0,2.4525
20210122,中债国债收益率曲线,10.0,3.1185
20210121,中债国债收益率曲线,1.0,2.4475
20210121,中债国债收益率曲线,10.0,3.1335
20210120,中债国债收益率曲线,1.0,2.4700
20210120,中债国债收益率曲线,10.0,3.1610
20210119,中债国债收益率曲线,1.0,2.4859
20210119,中债国债收益率曲线,10.0,3.1609
20210118,中债国债收益率曲线,1.0,2.4500
20210118,中债国债收益率曲线,10.0,3.1658
20210115,中债国债收益率曲线,1.0,2.3843
20210115,中债国债收益率曲线,10.0,3.1508
20210114,中债国债收益率曲线,1.0,2.3405
20210114,中债国债收益率曲线,10.0,3.1059
20210113,中债国债收益率曲线,1.0,2.2914
20210113,中债国债收益率曲线,10.0,3.1157
20210112,中债国债收益率曲线,1.0,2.3350
20210112,中债国债收益率曲线,10.0,3.1457
20210111,中债国债收益率曲线,1.0,2.3653
20210111,中债国债收益率曲线,10.0,3.1632
20210108,中债国债收益率曲线,1.0,2.3568
20210108,中债国债收益率曲线,10.0,3.1456
20210107,中债国债收益率曲线,1.0,2.3568
20210107,中债国债收益率曲线,10.0,3.1256
20210106,中债国债收益率曲线,1.0,2.4109
20210106,中债国债收益率曲线,10.0,3.1256
20210105,中债国债收益率曲线,1.0,2.4714
20210105,中债国债收益率曲线,10.0,3.1305
20210104,中债国债收益率曲线,1.0,2.4952
20210104,中债国债收益率曲线,10.0,3.1780
20201231,中债国债收益率曲线,1.0,2.4739
20201231,中债国债收益率曲线,10.0,3.1429
20201230,中债国债收益率曲线,1.0,2.5036
20201230,中债国债收益率曲线,10.0,3.1204
20201229,中债国债收益率曲线,1.0,2.5486
20201229,中债国债收益率曲线,10.0,3.1554
20201228,中债国债收益率曲线,1.0,2.5671
20201228,中债国债收益率曲线,10.0,3.1629
20201225,中债国债收益率曲线,1.0,2.6096
20201225,中债国债收益率曲线,10.0,3.1878
20201224,中债国债收益率曲线,1.0,2.6501
20201224,中债国债收益率曲线,10.0,3.2303
20201223,中债国债收益率曲线,1.0,2.6551
20201223,中债国债收益率曲线,10.0,3.2153
20201222,中债国债收益率曲线,1.0,2.6695
20201222,中债国债收益率曲线,10.0,3.2278
20201221,中债国债收益率曲线,1.0,2.6919
20201221,中债国债收益率曲线,10.0,3.2652
20201218,中债国债收益率曲线,1.0,2.7267
20201218,中债国债收益率曲线,10.0,3.2902
20201217,中债国债收益率曲线,1.0,2.7273
20201217,中债国债收益率曲线,10.0,3.2802
20201216,中债国债收益率曲线,1.0,2.7312
20201216,中债国债收益率曲线,10.0,3.2752
20201215,中债国债收益率曲线,1.0,2.7888
20201215,中债国债收益率曲线,10.0,3.2777
20201214,中债国债收益率曲线,1.0,2.8245
20201214,中债国债收益率曲线,10.0,3.2851
20201211,中债国债收益率曲线,1.0,2.8334
20201211,中债国债收益率曲线,10.0,3.2951
20201210,中债国债收益率曲线,1.0,2.8047
20201210,中债国债收益率曲线,10.0,3.2601
20201209,中债国债收益率曲线,1.0,2.8449
20201209,中债国债收益率曲线,10.0,3.2726
20201208,中债国债收益率曲线,1.0,2.8417
20201208,中债国债收益率曲线,10.0,3.2551
20201207,中债国债收益率曲线,1.0,2.8614
20201207,中债国债收益率曲线,10.0,3.2701
20201204,中债国债收益率曲线,1.0,2.8708
20201204,中债国债收益率曲线,10.0,3.2651
20201203,中债国债收益率曲线,1.0,2.8761
20201203,中债国债收益率曲线,10.0,3.2851
20201202,中债国债收益率曲线,1.0,2.8608
20201202,中债国债收益率曲线,10.0,3.2925
20201201,中债国债收益率曲线,1.0,2.8457
20201201,中债国债收益率曲线,10.0,3.2725
20201130,中债国债收益率曲线,1.0,2.8310
20201130,中债国债收益率曲线,10.0,3.2500
20201127,中债国债收益率曲线,1.0,2.9104
20201127,中债国债收益率曲线,10.0,3.3000
20201126,中债国债收益率曲线,1.0,2.9357
20201126,中债国债收益率曲线,10.0,3.2850
20201125,中债国债收益率曲线,1.0,2.9461
20201125,中债国债收益率曲线,10.0,3.2675
20201124,中债国债收益率曲线,1.0,2.9690
20201124,中债国债收益率曲线,10.0,3.2900
20201123,中债国债收益率曲线,1.0,2.9510
20201123,中债国债收益率曲线,10.0,3.2650
20201120,中债国债收益率曲线,1.0,2.9503
20201120,中债国债收益率曲线,10.0,3.3100
20201119,中债国债收益率曲线,1.0,2.9433
20201119,中债国债收益率曲线,10.0,3.3487
20201118,中债国债收益率曲线,1.0,2.9400
20201118,中债国债收益率曲线,10.0,3.3240
20201117,中债国债收益率曲线,1.0,2.8634
20201117,中债国债收益率曲线,10.0,3.2866
20201116,中债国债收益率曲线,1.0,2.8497
20201116,中债国债收益率曲线,10.0,3.2741
20201113,中债国债收益率曲线,1.0,2.8464
20201113,中债国债收益率曲线,10.0,3.2715
20201112,中债国债收益率曲线,1.0,2.8287
20201112,中债国债收益率曲线,10.0,3.2614
20201111,中债国债收益率曲线,1.0,2.8009
20201111,中债国债收益率曲线,10.0,3.2391
20201110,中债国债收益率曲线,1.0,2.7882
20201110,中债国债收益率曲线,10.0,3.2241
20201109,中债国债收益率曲线,1.0,2.7944
20201109,中债国债收益率曲线,10.0,3.2363
20201106,中债国债收益率曲线,1.0,2.7832
20201106,中债国债收益率曲线,10.0,3.2063
20201105,中债国债收益率曲线,1.0,2.7481
20201105,中债国债收益率曲线,10.0,3.1912
20201104,中债国债收益率曲线,1.0,2.7347
20201104,中债国债收益率曲线,10.0,3.1687
20201103,中债国债收益率曲线,1.0,2.7322
20201103,中债国债收益率曲线,10.0,3.1762
20201102,中债国债收益率曲线,1.0,2.7525
20201102,中债国债收益率曲线,10.0,3.1785
20201030,中债国债收益率曲线,1.0,2.7273
20201030,中债国债收益率曲线,10.0,3.1810
20201029,中债国债收益率曲线,1.0,2.7191
20201029,中债国债收益率曲线,10.0,3.1860
20201028,中债国债收益率曲线,1.0,2.7228
20201028,中债国债收益率曲线,10.0,3.1810
20201027,中债国债收益率曲线,1.0,2.6867
20201027,中债国债收益率曲线,10.0,3.1609
20201026,中债国债收益率曲线,1.0,2.6917
20201026,中债国债收益率曲线,10.0,3.1934
20201023,中债国债收益率曲线,1.0,2.6821
20201023,中债国债收益率曲线,10.0,3.1957
20201022,中债国债收益率曲线,1.0,2.6461
20201022,中债国债收益率曲线,10.0,3.1707
20201021,中债国债收益率曲线,1.0,2.6848
20201021,中债国债收益率曲线,10.0,3.1855
20201020,中债国债收益率曲线,1.0,2.7047
20201020,中债国债收益率曲线,10.0,3.1955
20201019,中债国债收益率曲线,1.0,2.6973
20201019,中债国债收益率曲线,10.0,3.2005
20201016,中债国债收益率曲线,1.0,2.6961
20201016,中债国债收益率曲线,10.0,3.2202
20201015,中债国债收益率曲线,1.0,2.6882
20201015,中债国债收益率曲线,10.0,3.2300
20201014,中债国债收益率曲线,1.0,2.7189
20201014,中债国债收益率曲线,10.0,3.2150
20201013,中债国债收益率曲线,1.0,2.6959
20201013,中债国债收益率曲线,10.0,3.1950
20201012,中债国债收益率曲线,1.0,2.6937
20201012,中债国债收益率曲线,10.0,3.1861
20201010,中债国债收益率曲线,1.0,2.7017
20201010,中债国债收益率曲线,10.0,3.1898
20201009,中债国债收益率曲线,1.0,2.7017
20201009,中债国债收益率曲线,10.0,3.1873
20200930,中债国债收益率曲线,1.0,2.6462
20200930,中债国债收益率曲线,10.0,3.1482
20200929,中债国债收益率曲线,1.0,2.6381
20200929,中债国债收益率曲线,10.0,3.1292
20200928,中债国债收益率曲线,1.0,2.6075
20200928,中债国债收益率曲线,10.0,3.1092
20200927,中债国债收益率曲线,1.0,2.6005
20200927,中债国债收益率曲线,10.0,3.1324
20200925,中债国债收益率曲线,1.0,2.6116
20200925,中债国债收益率曲线,10.0,3.1295
20200924,中债国债收益率曲线,1.0,2.5942
20200924,中债国债收益率曲线,10.0,3.0840
20200923,中债国债收益率曲线,1.0,2.6282
20200923,中债国债收益率曲线,10.0,3.0890
20200922,中债国债收益率曲线,1.0,2.6082
20200922,中债国债收益率曲线,10.0,3.0863
20200921,中债国债收益率曲线,1.0,2.6127
20200921,中债国债收益率曲线,10.0,3.0999
20200918,中债国债收益率曲线,1.0,2.6088
20200918,中债国债收益率曲线,10.0,3.1162
20200917,中债国债收益率曲线,1.0,2.6124
20200917,中债国债收益率曲线,10.0,3.1334
20200916,中债国债收益率曲线,1.0,2.6114
20200916,中债国债收益率曲线,10.0,3.1260
20200915,中债国债收益率曲线,1.0,2.5934
20200915,中债国债收益率曲线,10.0,3.1083
20200914,中债国债收益率曲线,1.0,2.6051
20200914,中债国债收益率曲线,10.0,3.1532
20200911,中债国债收益率曲线,1.0,2.5964
20200911,中债国债收益率曲线,10.0,3.1346
20200910,中债国债收益率曲线,1.0,2.5730
20200910,中债国债收益率曲线,10.0,3.0833
20200909,中债国债收益率曲线,1.0,2.6030
20200909,中债国债收益率曲线,10.0,3.0805
20200908,中债国债收益率曲线,1.0,2.5969
20200908,中债国债收益率曲线,10.0,3.1230
20200907,中债国债收益率曲线,1.0,2.6151
20200907,中债国债收益率曲线,10.0,3.1454
20200904,中债国债收益率曲线,1.0,2.5885
20200904,中债国债收益率曲线,10.0,3.1228
20200903,中债国债收益率曲线,1.0,2.5712
20200903,中债国债收益率曲线,10.0,3.1051
20200902,中债国债收益率曲线,1.0,2.5563
20200902,中债国债收益率曲线,10.0,3.1027
20200901,中债国债收益率曲线,1.0,2.5203
20200901,中债国债收益率曲线,10.0,3.0478
20200831,中债国债收益率曲线,1.0,2.5123
20200831,中债国债收益率曲线,10.0,3.0177
20200828,中债国债收益率曲线,1.0,2.4869
20200828,中债国债收益率曲线,10.0,3.0672
20200827,中债国债收益率曲线,1.0,2.4961
20200827,中债国债收益率曲线,10.0,3.0599
20200826,中债国债收益率曲线,1.0,2.4854
20200826,中债国债收益率曲线,10.0,3.0511
20200825,中债国债收益率曲线,1.0,2.4742
20200825,中债国债收益率曲线,10.0,3.0424
20200824,中债国债收益率曲线,1.0,2.4437
20200824,中债国债收益率曲线,10.0,2.9998
20200821,中债国债收益率曲线,1.0,2.4336
20200821,中债国债收益率曲线,10.0,2.9823
20200820,中债国债收益率曲线,1.0,2.4237
20200820,中债国债收益率曲线,10.0,2.9973
20200819,中债国债收益率曲线,1.0,2.4369
20200819,中债国债收益率曲线,10.0,2.9921
20200818,中债国债收益率曲线,1.0,2.2754
20200818,中债国债收益率曲线,10.0,2.9771
20200817,中债国债收益率曲线,1.0,2.2650
20200817,中债国债收益率曲线,10.0,2.9421
20200814,中债国债收益率曲线,1.0,2.2744
20200814,中债国债收益率曲线,10.0,2.9369
20200813,中债国债收益率曲线,1.0,2.2522
20200813,中债国债收益率曲线,10.0,2.9555
20200812,中债国债收益率曲线,1.0,2.2415
20200812,中债国债收益率曲线,10.0,2.9620
20200811,中债国债收益率曲线,1.0,2.2213
20200811,中债国债收益率曲线,10.0,2.9544
20200810,中债国债收益率曲线,1.0,2.2001
20200810,中债国债收益率曲线,10.0,2.9543
20200807,中债国债收益率曲线,1.0,2.2225
20200807,中债国债收益率曲线,10.0,2.9918
20200806,中债国债收益率曲线,1.0,2.2356
20200806,中债国债收益率曲线,10.0,2.9816
20200805,中债国债收益率曲线,1.0,2.2288
20200805,中债国债收益率曲线,10.0,2.9592
20200804,中债国债收益率曲线,1.0,2.1746
20200804,中债国债收益率曲线,10.0,2.9365
20200803,中债国债收益率曲线,1.0,2.1565
20200803,中债国债收益率曲线,10.0,2.9466
20200731,中债国债收益率曲线,1.0,2.2428
20200731,中债国债收益率曲线,10.0,2.9664
20200730,中债国债收益率曲线,1.0,2.2461
20200730,中债国债收益率曲线,10.0,2.9364
20200729,中债国债收益率曲线,1.0,2.2459
20200729,中债国债收益率曲线,10.0,2.9415
20200728,中债国债收益率曲线,1.0,2.2565
20200728,中债国债收益率曲线,10.0,2.9214
20200727,中债国债收益率曲线,1.0,2.2461
20200727,中债国债收益率曲线,10.0,2.8791
20200724,中债国债收益率曲线,1.0,2.2446
20200724,中债国债收益率曲线,10.0,2.8612
20200723,中债国债收益率曲线,1.0,2.2538
20200723,中债国债收益率曲线,10.0,2.9064
20200722,中债国债收益率曲线,1.0,2.2552
20200722,中债国债收益率曲线,10.0,2.8861
20200721,中债国债收益率曲线,1.0,2.2455
20200721,中债国债收益率曲线,10.0,2.9011
20200720,中债国债收益率曲线,1.0,2.2540
20200720,中债国债收益率曲线,10.0,2.9311
20200717,中债国债收益率曲线,1.0,2.2256
20200717,中债国债收益率曲线,10.0,2.9507
20200716,中债国债收益率曲线,1.0,2.1534
20200716,中债国债收益率曲线,10.0,2.9459
20200715,中债国债收益率曲线,1.0,2.2000
20200715,中债国债收益率曲线,10.0,2.9559
20200714,中债国债收益率曲线,1.0,2.1980
20200714,中债国债收益率曲线,10.0,3.0057
20200713,中债国债收益率曲线,1.0,2.2080
20200713,中债国债收益率曲线,10.0,3.0557
20200710,中债国债收益率曲线,1.0,2.2165
20200710,中债国债收益率曲线,10.0,3.0305
20200709,中债国债收益率曲线,1.0,2.2256
20200709,中债国债收益率曲线,10.0,3.0809
20200708,中债国债收益率曲线,1.0,2.1600
20200708,中债国债收益率曲线,10.0,3.0632
20200707,中债国债收益率曲线,1.0,2.1513
20200707,中债国债收益率曲线,10.0,3.0158
20200706,中债国债收益率曲线,1.0,2.1263
20200706,中债国债收益率曲线,10.0,2.9959
20200703,中债国债收益率曲线,1.0,2.0976
20200703,中债国债收益率曲线,10.0,2.8974
20200702,中债国债收益率曲线,1.0,2.0976
20200702,中债国债收益率曲线,10.0,2.8584
20200701,中债国债收益率曲线,1.0,2.1276
20200701,中债国债收益率曲线,10.0,2.8456
20200630,中债国债收益率曲线,1.0,2.1764
20200630,中债国债收益率曲线,10.0,2.8230
20200629,中债国债收益率曲线,1.0,2.1144
20200629,中债国债收益率曲线,10.0,2.8504
20200628,中债国债收益率曲线,1.0,2.1261
20200628,中债国债收益率曲线,10.0,2.8404
20200624,中债国债收益率曲线,1.0,2.1495
20200624,中债国债收益率曲线,10.0,2.8614
20200623,中债国债收益率曲线,1.0,2.2230
20200623,中债国债收益率曲线,10.0,2.9127
20200622,中债国债收益率曲线,1.0,2.1450
20200622,中债国债收益率曲线,10.0,2.9153
20200619,中债国债收益率曲线,1.0,2.1203
20200619,中债国债收益率曲线,10.0,2.8752
20200618,中债国债收益率曲线,1.0,2.1156
20200618,中债国债收益率曲线,10.0,2.8527
20200617,中债国债收益率曲线,1.0,2.1117
20200617,中债国债收益率曲线,10.0,2.8802
20200616,中债国债收益率曲线,1.0,2.0757
20200616,中债国债收益率曲线,10.0,2.8402
20200615,中债国债收益率曲线,1.0,2.0364
20200615,中债国债收益率曲线,10.0,2.7878
20200612,中债国债收益率曲线,1.0,2.0504
20200612,中债国债收益率曲线,10.0,2.7451
20200611,中债国债收益率曲线,1.0,2.0723
20200611,中债国债收益率曲线,10.0,2.7701
20200610,中债国债收益率曲线,1.0,2.0677
20200610,中债国债收益率曲线,10.0,2.8201
20200609,中债国债收益率曲线,1.0,2.0521
20200609,中债国债收益率曲线,10.0,2.8031
20200608,中债国债收益率曲线,1.0,2.0801
20200608,中债国债收益率曲线,10.0,2.8101
20200605,中债国债收益率曲线,1.0,2.0801
20200605,中债国债收益率曲线,10.0,2.8475
20200604,中债国债收益率曲线,1.0,1.9201
20200604,中债国债收益率曲线,10.0,2.8301
20200603,中债国债收益率曲线,1.0,1.8201
20200603,中债国债收益率曲线,10.0,2.7901
20200602,中债国债收益率曲线,1.0,1.7018
20200602,中债国债收益率曲线,10.0,2.7852
20200601,中债国债收益率曲线,1.0,1.5897
20200601,中债国债收益率曲线,10.0,2.7253
20200529,中债国债收益率曲线,1.0,1.6010
20200529,中债国债收益率曲线,10.0,2.7053
20200528,中债国债收益率曲线,1.0,1.5995
20200528,中债国债收益率曲线,10.0,2.7201
20200527,中债国债收益率曲线,1.0,1.5890
20200527,中债国债收益率曲线,10.0,2.7527
20200526,中债国债收益率曲线,1.0,1.5290
20200526,中债国债收益率曲线,10.0,2.7402
20200525,中债国债收益率曲线,1.0,1.4574
20200525,中债国债收益率曲线,10.0,2.6852
20200522,中债国债收益率曲线,1.0,1.3923
20200522,中债国债收益率曲线,10.0,2.6176
20200521,中债国债收益率曲线,1.0,1.3328
20200521,中债国债收益率曲线,10.0,2.6850
20200520,中债国债收益率曲线,1.0,1.3128
20200520,中债国债收益率曲线,10.0,2.6900
20200519,中债国债收益率曲线,1.0,1.2787
20200519,中债国债收益率曲线,10.0,2.7272
20200518,中债国债收益率曲线,1.0,1.2561
20200518,中债国债收益率曲线,10.0,2.7253
20200515,中债国债收益率曲线,1.0,1.2186
20200515,中债国债收益率曲线,10.0,2.6820
20200514,中债国债收益率曲线,1.0,1.2334
20200514,中债国债收益率曲线,10.0,2.6989
20200513,中债国债收益率曲线,1.0,1.2381
20200513,中债国债收益率曲线,10.0,2.7076
20200512,中债国债收益率曲线,1.0,1.2225
20200512,中债国债收益率曲线,10.0,2.6603
20200511,中债国债收益率曲线,1.0,1.2194
20200511,中债国债收益率曲线,10.0,2.6698
20200509,中债国债收益率曲线,1.0,1.2097
20200509,中债国债收益率曲线,10.0,2.6400
20200508,中债国债收益率曲线,1.0,1.2134
20200508,中债国债收益率曲线,10.0,2.6207
20200507,中债国债收益率曲线,1.0,1.1919
20200507,中债国债收益率曲线,10.0,2.6298
20200506,中债国债收益率曲线,1.0,1.1616
20200506,中债国债收益率曲线,10.0,2.5809
20200430,中债国债收益率曲线,1.0,1.1465
20200430,中债国债收益率曲线,10.0,2.5380
20200429,中债国债收益率曲线,1.0,1.1177
20200429,中债国债收益率曲线,10.0,2.5009
20200428,中债国债收益率曲线,1.0,1.1338
20200428,中债国债收益率曲线,10.0,2.5254
20200427,中债国债收益率曲线,1.0,1.1300
20200427,中债国债收益率曲线,10.0,2.5345
20200426,中债国债收益率曲线,1.0,1.1324
20200426,中债国债收益率曲线,10.0,2.5205
20200424,中债国债收益率曲线,1.0,1.1279
20200424,中债国债收益率曲线,10.0,2.5100
20200423,中债国债收益率曲线,1.0,1.1228
20200423,中债国债收益率曲线,10.0,2.5227
20200422,中债国债收益率曲线,1.0,1.1352
20200422,中债国债收益率曲线,10.0,2.5567
20200421,中债国债收益率曲线,1.0,1.1826
20200421,中债国债收益率曲线,10.0,2.5791
20200420,中债国债收益率曲线,1.0,1.2025
20200420,中债国债收益率曲线,10.0,2.5920
20200417,中债国债收益率曲线,1.0,1.2257
20200417,中债国债收益率曲线,10.0,2.5590
20200416,中债国债收益率曲线,1.0,1.2088
20200416,中债国债收益率曲线,10.0,2.5276
20200415,中债国债收益率曲线,1.0,1.2250
20200415,中债国债收益率曲线,10.0,2.5455
20200414,中债国债收益率曲线,1.0,1.2331
20200414,中债国债收益率曲线,10.0,2.5591
20200413,中债国债收益率曲线,1.0,1.2643
20200413,中债国债收益率曲线,10.0,2.5658
20200410,中债国债收益率曲线,1.0,1.2400
20200410,中债国债收益率曲线,10.0,2.5403
20200409,中债国债收益率曲线,1.0,1.2044
20200409,中债国债收益率曲线,10.0,2.5226
20200408,中债国债收益率曲线,1.0,1.2044
20200408,中债国债收益率曲线,10.0,2.4824
20200407,中债国债收益率曲线,1.0,1.3448
20200407,中债国债收益率曲线,10.0,2.5112
20200403,中债国债收益率曲线,1.0,1.6548
20200403,中债国债收益率曲线,10.0,2.5965
20200402,中债国债收益率曲线,1.0,1.6548
20200402,中债国债收益率曲线,10.0,2.5854
20200401,中债国债收益率曲线,1.0,1.6778
20200401,中债国债收益率曲线,10.0,2.5550
20200331,中债国债收益率曲线,1.0,1.6870
20200331,中债国债收益率曲线,10.0,2.5899
20200330,中债国债收益率曲线,1.0,1.7362
20200330,中债国债收益率曲线,10.0,2.6142
20200327,中债国债收益率曲线,1.0,1.7412
20200327,中债国债收益率曲线,10.0,2.6090
20200326,中债国债收益率曲线,1.0,1.7175
20200326,中债国债收益率曲线,10.0,2.5940
20200325,中债国债收益率曲线,1.0,1.7686
20200325,中债国债收益率曲线,10.0,2.6289
20200324,中债国债收益率曲线,1.0,1.8081
20200324,中债国债收益率曲线,10.0,2.6289
20200323,中债国债收益率曲线,1.0,1.8482
20200323,中债国债收益率曲线,10.0,2.6315
20200320,中债国债收益率曲线,1.0,1.8682
20200320,中债国债收益率曲线,10.0,2.6815
20200319,中债国债收益率曲线,1.0,1.8853
20200319,中债国债收益率曲线,10.0,2.7299
20200318,中债国债收益率曲线,1.0,1.9154
20200318,中债国债收益率曲线,10.0,2.7136
20200317,中债国债收益率曲线,1.0,1.8954
20200317,中债国债收益率曲线,10.0,2.7135
20200316,中债国债收益率曲线,1.0,1.8954
20200316,中债国债收益率曲线,10.0,2.6758
20200313,中债国债收益率曲线,1.0,1.9234
20200313,中债国债收益率曲线,10.0,2.6759
20200312,中债国债收益率曲线,1.0,1.9166
20200312,中债国债收益率曲线,10.0,2.6379
20200311,中债国债收益率曲线,1.0,1.9154
20200311,中债国债收益率曲线,10.0,2.6079
20200310,中债国债收益率曲线,1.0,1.9068
20200310,中债国债收益率曲线,10.0,2.6130
20200309,中债国债收益率曲线,1.0,1.8806
20200309,中债国债收益率曲线,10.0,2.5205
20200306,中债国债收益率曲线,1.0,1.9130
20200306,中债国债收益率曲线,10.0,2.6280
20200305,中债国债收益率曲线,1.0,1.9430
20200305,中债国债收益率曲线,10.0,2.6829
20200304,中债国债收益率曲线,1.0,1.9430
20200304,中债国债收益率曲线,10.0,2.6730
20200303,中债国债收益率曲线,1.0,1.9580
20200303,中债国债收益率曲线,10.0,2.7478
20200302,中债国债收益率曲线,1.0,1.9251
20200302,中债国债收益率曲线,10.0,2.7428
20200228,中债国债收益率曲线,1.0,1.9291
20200228,中债国债收益率曲线,10.0,2.7376
20200227,中债国债收益率曲线,1.0,1.9051
20200227,中债国债收益率曲线,10.0,2.7702
20200226,中债国债收益率曲线,1.0,1.8863
20200226,中债国债收益率曲线,10.0,2.7973
20200225,中债国债收益率曲线,1.0,1.8951
20200225,中债国债收益率曲线,10.0,2.8220
20200224,中债国债收益率曲线,1.0,1.8853
20200224,中债国债收益率曲线,10.0,2.8120
20200221,中债国债收益率曲线,1.0,1.9309
20200221,中债国债收益率曲线,10.0,2.8470
20200220,中债国债收益率曲线,1.0,1.9459
20200220,中债国债收益率曲线,10.0,2.8857
20200219,中债国债收益率曲线,1.0,1.9365
20200219,中债国债收益率曲线,10.0,2.8776
20200218,中债国债收益率曲线,1.0,1.9358
20200218,中债国债收益率曲线,10.0,2.8664
20200217,中债国债收益率曲线,1.0,1.9358
20200217,中债国债收益率曲线,10.0,2.8928
20200214,中债国债收益率曲线,1.0,1.9613
20200214,中债国债收益率曲线,10.0,2.8631
20200213,中债国债收益率曲线,1.0,1.9810
20200213,中债国债收益率曲线,10.0,2.8201
20200212,中债国债收益率曲线,1.0,1.9900
20200212,中债国债收益率曲线,10.0,2.8333
20200211,中债国债收益率曲线,1.0,1.9900
20200211,中债国债收益率曲线,10.0,2.8340
20200210,中债国债收益率曲线,1.0,2.0000
20200210,中债国债收益率曲线,10.0,2.7872
20200207,中债国债收益率曲线,1.0,2.0525
20200207,中债国债收益率曲线,10.0,2.8024
20200206,中债国债收益率曲线,1.0,2.0593
20200206,中债国债收益率曲线,10.0,2.8392
20200205,中债国债收益率曲线,1.0,2.0773
20200205,中债国债收益率曲线,10.0,2.8440
20200204,中债国债收益率曲线,1.0,2.1000
20200204,中债国债收益率曲线,10.0,2.8551
20200203,中债国债收益率曲线,1.0,2.0910
20200203,中债国债收益率曲线,10.0,2.8231
20200123,中债国债收益率曲线,1.0,2.1810
20200123,中债国债收益率曲线,10.0,2.9932
20200122,中债国债收益率曲线,1.0,2.1810
20200122,中债国债收益率曲线,10.0,3.0282
20200121,中债国债收益率曲线,1.0,2.2058
20200121,中债国债收益率曲线,10.0,3.0337
20200120,中债国债收益率曲线,1.0,2.2019
20200120,中债国债收益率曲线,10.0,3.0776
20200119,中债国债收益率曲线,1.0,2.2627
20200119,中债国债收益率曲线,10.0,3.0780
20200117,中债国债收益率曲线,1.0,2.2618
20200117,中债国债收益率曲线,10.0,3.0832
20200116,中债国债收益率曲线,1.0,2.2721
20200116,中债国债收益率曲线,10.0,3.0918
20200115,中债国债收益率曲线,1.0,2.2854
20200115,中债国债收益率曲线,10.0,3.0897
20200114,中债国债收益率曲线,1.0,2.3009
20200114,中债国债收益率曲线,10.0,3.0994
20200113,中债国债收益率曲线,1.0,2.2807
20200113,中债国债收益率曲线,10.0,3.0840
20200110,中债国债收益率曲线,1.0,2.2744
20200110,中债国债收益率曲线,10.0,3.0819
20200109,中债国债收益率曲线,1.0,2.3042
20200109,中债国债收益率曲线,10.0,3.1184
20200108,中债国债收益率曲线,1.0,2.3000
20200108,中债国债收益率曲线,10.0,3.1337
20200107,中债国债收益率曲线,1.0,2.4272
20200107,中债国债收益率曲线,10.0,3.1379
20200106,中债国债收益率曲线,1.0,2.4121
20200106,中债国债收益率曲线,10.0,3.1352
20200103,中债国债收益率曲线,1.0,2.4359
20200103,中债国债收益率曲线,10.0,3.1428
20200102,中债国债收益率曲线,1.0,2.4160
20200102,中债国债收益率曲线,10.0,3.1485
